Query_ID	Target_ID	Optimal_offset	p-value	E-value	q-value	Overlap	Query_consensus	Target_consensus	Orientation
filter2	M1605_1.02	-2	3.56871e-05	0.0261586	0.0302381	10	ATATGCCTTTTTT	ATTCATCTTT	+
filter2	M6507_1.02	1	6.12637e-05	0.0449063	0.0302381	13	ATATGCCTTTTTT	CACATTCCTGCGCC	+
filter2	M0607_1.02	-4	6.3229e-05	0.0463468	0.0302381	9	ATATGCCTTTTTT	GCGTAAATA	+
filter4	M1882_1.02	9	1.12844e-05	0.00827148	0.016456	12	CTGAAAAAAAAAA	AAAGTGAAAGTGAAAGTAAAA	+
filter4	M6309_1.02	5	5.23047e-05	0.0383394	0.0294536	12	CTGAAAAAAAAAA	GGAAAGCGAAACTGAAA	+
filter4	M6365_1.02	0	6.0592e-05	0.0444139	0.0294536	10	CTGAAAAAAAAAA	AGGAAAATTT	-
filter15	M6245_1.02	2	3.80183e-05	0.0278674	0.0299481	13	TGTGTTTGTGTGT	GGTTTGTTTACTTTTT	-
filter15	M2283_1.02	1	4.10164e-05	0.030065	0.0299481	13	TGTGTTTGTGTGT	CTTTGTTTACTTTTG	-
filter18	M1589_1.02	0	1.99074e-07	0.000145922	0.000281767	10	ATTGTTATTTTTT	ATTGTTCTGC	-
filter18	M0436_1.02	-1	2.76069e-06	0.00202359	0.00195372	10	ATTGTTATTTTTT	TTGTTTATTG	+
filter18	M1605_1.02	-3	9.59479e-06	0.00703298	0.00452042	10	ATTGTTATTTTTT	ATTCATCTTT	+
filter18	M1601_1.02	0	1.27751e-05	0.00936414	0.00452042	9	ATTGTTATTTTTT	ATTGTTCTC	+
filter18	M1592_1.02	0	1.8718e-05	0.0137203	0.00469733	8	ATTGTTATTTTTT	ATTGTTTT	-
filter18	M1594_1.02	1	1.99126e-05	0.0145959	0.00469733	9	ATTGTTATTTTTT	CATTGTTCTT	+
filter18	M0756_1.02	0	3.22455e-05	0.0236359	0.00651996	9	ATTGTTATTTTTT	TTTGTTTAC	-
filter18	M0718_1.02	-1	4.57198e-05	0.0335126	0.00808888	10	ATTGTTATTTTTT	TTGTTTACAT	-
filter18	M0632_1.02	0	5.97001e-05	0.0437602	0.00938873	10	ATTGTTATTTTTT	AATGTATCAA	+
filter18	M0891_1.02	-3	0.000146273	0.107218	0.0205306	10	ATTGTTATTTTTT	TTAATTGGTT	+
filter18	M0747_1.02	-2	0.000165493	0.121306	0.0205306	10	ATTGTTATTTTTT	TGTTTACATT	-
filter18	M1007_1.02	-4	0.000174064	0.127589	0.0205306	9	ATTGTTATTTTTT	TTTATGACC	+
filter18	M0942_1.02	-1	0.000337377	0.247298	0.0367322	8	ATTGTTATTTTTT	TTGTAATT	+
filter23	M0607_1.02	-2	2.12093e-06	0.00155464	0.00309293	9	AAGCGGAAAAAAT	GCGTAAATA	+
filter24	M0607_1.02	-2	1.1602e-05	0.00850428	0.016714	9	TACCGTAAAAAAA	GCGTAAATA	+
filter24	M1281_1.02	0	2.71923e-05	0.019932	0.0195867	9	TACCGTAAAAAAA	TTGCGTAAG	-
filter26	M0442_1.02	-2	4.73536e-06	0.00347102	0.0067662	9	CTAACTGCAACCT	CACTGCATT	-
filter27	M0632_1.02	-2	4.40582e-06	0.00322946	0.00502129	10	TAAATGTTAAATA	AATGTATCAA	+
filter27	M0891_1.02	0	7.06064e-06	0.00517545	0.00502129	10	TAAATGTTAAATA	TTAATTGGTT	+
filter27	M0931_1.02	0	1.82633e-05	0.013387	0.00865882	9	TAAATGTTAAATA	TAATTAATT	+
filter27	M0408_1.02	-3	6.13636e-05	0.0449795	0.0174559	10	TAAATGTTAAATA	ATGTGCACAT	+
filter27	M1025_1.02	0	0.000139868	0.102523	0.0331566	8	TAAATGTTAAATA	TAATTAGC	-
filter27	M0975_1.02	0	0.000242912	0.178054	0.0444458	9	TAAATGTTAAATA	TAATTAATT	+
filter27	M0897_1.02	2	0.000357618	0.262134	0.0444458	8	TAAATGTTAAATA	TTTTATGGGC	+
filter27	M1070_1.02	0	0.000357889	0.262333	0.0444458	9	TAAATGTTAAATA	TTAATGACC	+
filter27	M1592_1.02	-3	0.000382989	0.280731	0.0444458	8	TAAATGTTAAATA	ATTGTTTT	-
filter27	M1605_1.02	-3	0.000402265	0.29486	0.0444458	10	TAAATGTTAAATA	ATTCATCTTT	+
filter27	M0607_1.02	-4	0.00040623	0.297766	0.0444458	9	TAAATGTTAAATA	GCGTAAATA	+
filter27	M0942_1.02	-3	0.000503777	0.369269	0.0481144	8	TAAATGTTAAATA	TTGTAATT	+
filter27	M1110_1.02	0	0.000507417	0.371936	0.0481144	10	TAAATGTTAAATA	TCTATTGCCC	-
filter27	M1012_1.02	0	0.000589827	0.432343	0.0493489	9	TAAATGTTAAATA	TTAATGACC	+
filter27	M1027_1.02	1	0.000589827	0.432343	0.0493489	8	TAAATGTTAAATA	TTAATTACC	+
filter28	M1668_1.02	0	4.95132e-06	0.00362932	0.00720692	12	CCCAGTCTGTATT	TCCAAACGAGAT	+
filter29	M6159_1.02	5	1.03579e-05	0.00759236	0.0151465	11	AGAATGTAAAAAA	TTCCTAGAAAGCTTTT	+
filter29	M0632_1.02	-2	4.63553e-05	0.0339785	0.033893	10	AGAATGTAAAAAA	AATGTATCAA	+
filter31	M0891_1.02	-2	1.64361e-05	0.0120476	0.0177723	10	ATTTAAAAAAAAA	TTAATTGGTT	+
filter31	M1070_1.02	-2	3.28499e-05	0.0240789	0.0177723	9	ATTTAAAAAAAAA	TTAATGACC	+
filter31	M0931_1.02	-3	3.85133e-05	0.0282303	0.0177723	9	ATTTAAAAAAAAA	TAATTAATT	+
filter31	M1012_1.02	-2	7.1457e-05	0.052378	0.0247308	9	ATTTAAAAAAAAA	TTAATGACC	+
filter31	M0975_1.02	-3	9.63144e-05	0.0705984	0.026667	9	ATTTAAAAAAAAA	TAATTAATT	+
filter31	M0905_1.02	-2	0.000197321	0.144636	0.0448275	9	ATTTAAAAAAAAA	TTAATTACC	+
filter31	M1039_1.02	-1	0.000226667	0.166147	0.0448275	9	ATTTAAAAAAAAA	GCTAATTGG	+
filter33	M0607_1.02	-2	7.52522e-06	0.00551598	0.0109002	9	CTACGTCCTCCTA	GCGTAAATA	+
filter33	M0608_1.02	0	1.55674e-05	0.0114109	0.0112746	10	CTACGTCCTCCTA	TTACGCCCCC	-
filter33	M1545_1.02	0	4.72535e-05	0.0346369	0.0218218	9	CTACGTCCTCCTA	TGACGTACG	-
filter33	M0300_1.02	0	6.0261e-05	0.0441713	0.0218218	10	CTACGTCCTCCTA	TGACGTCATT	-
filter33	M0199_1.02	0	0.000112292	0.0823099	0.0325306	13	CTACGTCCTCCTA	GCACGTGTCGTTA	-
filter34	M0891_1.02	-2	1.85762e-05	0.0136163	0.0234447	10	TGCCATTTTTTAT	TTAATTGGTT	+
filter34	M1592_1.02	-4	3.38685e-05	0.0248256	0.0234447	8	TGCCATTTTTTAT	ATTGTTTT	-
filter39	M0747_1.02	-1	6.47007e-06	0.00474256	0.00889549	10	GTTTTTATTTTTT	TGTTTACATT	-
filter39	M0897_1.02	-2	5.16174e-05	0.0378356	0.0354836	10	GTTTTTATTTTTT	TTTTATGGGC	+
filter41	M0408_1.02	-3	7.92022e-06	0.00580552	0.00566477	10	TGATGGTGATTAA	ATGTGCACAT	+
filter41	M0632_1.02	-2	2.20521e-05	0.0161642	0.0105149	10	TGATGGTGATTAA	AATGTATCAA	+
filter41	M0942_1.02	-5	3.80345e-05	0.0278793	0.0136017	8	TGATGGTGATTAA	TTGTAATT	+
filter41	M0887_1.02	-4	6.77832e-05	0.0496851	0.0193922	9	TGATGGTGATTAA	CCTAATGAG	+
filter41	M1592_1.02	-2	0.000132517	0.0971353	0.0315934	8	TGATGGTGATTAA	ATTGTTTT	-
filter41	M1605_1.02	-2	0.000228663	0.16761	0.0467276	10	TGATGGTGATTAA	ATTCATCTTT	+
filter44	M5746_1.02	2	1.88546e-05	0.0138204	0.0255631	8	AATGAGCTAATAT	ATAATGAGCT	+
filter44	M6534_1.02	1	7.07652e-05	0.0518709	0.0479717	10	AATGAGCTAATAT	TAATTAGCTAA	-
filter45	M0632_1.02	-1	2.40917e-07	0.000176592	0.000340447	10	TTTTGTTTTTTTT	AATGTATCAA	+
filter45	M0436_1.02	-2	2.3206e-06	0.001701	0.00141963	10	TTTTGTTTTTTTT	TTGTTTATTG	+
filter45	M0756_1.02	-1	3.01379e-06	0.00220911	0.00141963	9	TTTTGTTTTTTTT	TTTGTTTAC	-
filter45	M4850_1.02	0	4.09755e-06	0.00300351	0.0014476	13	TTTTGTTTTTTTT	TGTTGTGTCCGTGCCATCTGG	+
filter45	M0891_1.02	-2	1.23272e-05	0.00903584	0.00317959	10	TTTTGTTTTTTTT	TTAATTGGTT	+
filter45	M0942_1.02	-2	1.35002e-05	0.00989563	0.00317959	8	TTTTGTTTTTTTT	TTGTAATT	+
filter45	M0408_1.02	0	3.58821e-05	0.0263016	0.00633826	10	TTTTGTTTTTTTT	ATGTGCACAT	+
filter45	M1007_1.02	-4	4.90407e-05	0.0359468	0.00693009	9	TTTTGTTTTTTTT	TTTATGACC	+
filter45	M0718_1.02	-2	6.39084e-05	0.0468448	0.00821008	10	TTTTGTTTTTTTT	TTGTTTACAT	-
filter45	M1592_1.02	-4	8.24399e-05	0.0604284	0.00919264	8	TTTTGTTTTTTTT	ATTGTTTT	-
filter45	M1110_1.02	-1	8.45671e-05	0.0619877	0.00919264	10	TTTTGTTTTTTTT	TCTATTGCCC	-
filter45	M0630_1.02	-1	9.70801e-05	0.0711597	0.00979906	10	TTTTGTTTTTTTT	AATGTATCAA	+
filter45	M0887_1.02	-1	0.000250177	0.18338	0.0235689	9	TTTTGTTTTTTTT	CTCATTAGG	-
filter45	M0747_1.02	-3	0.000317076	0.232417	0.0263571	10	TTTTGTTTTTTTT	TGTTTACATT	-
filter45	M1605_1.02	-4	0.000317076	0.232417	0.0263571	9	TTTTGTTTTTTTT	ATTCATCTTT	+
filter45	M1034_1.02	-2	0.000395518	0.289914	0.0294168	7	TTTTGTTTTTTTT	TAATTGC	-
filter45	M1157_1.02	0	0.000460213	0.337336	0.0309686	10	TTTTGTTTTTTTT	TTTTATGACC	+
filter45	M1594_1.02	0	0.000460213	0.337336	0.0309686	10	TTTTGTTTTTTTT	CATTGTTCTT	+
filter45	M0105_1.02	0	0.000560673	0.410973	0.0360138	9	TTTTGTTTTTTTT	TTTTAATTG	+
filter45	M0437_1.02	-1	0.000638129	0.467749	0.039207	9	TTTTGTTTTTTTT	TATATATAT	+
filter46	M1605_1.02	-3	2.74207e-05	0.0200994	0.0390994	10	TTAATGCATATAT	ATTCATCTTT	+
filter48	M1589_1.02	0	1.28618e-05	0.00942767	0.0184504	10	ATGGTTTTTATTT	ATTGTTCTGC	-
filter48	M0436_1.02	-1	4.2183e-05	0.0309202	0.0302561	10	ATGGTTTTTATTT	TTGTTTATTG	+
filter50	M0607_1.02	-3	2.23816e-06	0.00164057	0.00321934	9	GATACGTATTTTT	GCGTAAATA	+
filter50	M0632_1.02	-2	2.28662e-05	0.0167609	0.0148625	10	GATACGTATTTTT	AATGTATCAA	+
filter50	M0408_1.02	-3	4.13312e-05	0.0302958	0.0148625	10	GATACGTATTTTT	ATGTGCACAT	+
filter50	M0610_1.02	-1	6.13981e-05	0.0450048	0.0171531	9	GATACGTATTTTT	TAACGCGAT	-
filter50	M1281_1.02	0	7.15515e-05	0.0524472	0.0171531	9	GATACGTATTTTT	CTTACGCAA	+
filter50	M0608_1.02	-1	8.37457e-05	0.0613856	0.0172083	10	GATACGTATTTTT	TTACGCCCCC	-
filter50	M1545_1.02	-1	0.000198698	0.145646	0.0357255	9	GATACGTATTTTT	TGACGTACG	-
filter53	M0891_1.02	-3	1.87278e-05	0.0137275	0.0268083	10	CAAAGAAAAAAAA	TTAATTGGTT	+
filter53	M0607_1.02	-2	6.4933e-05	0.0475959	0.0418771	9	CAAAGAAAAAAAA	GCGTAAATA	+
filter53	M0887_1.02	-2	8.77637e-05	0.0643308	0.0418771	9	CAAAGAAAAAAAA	CCTAATGAG	+
filter53	M4850_1.02	8	0.000130747	0.0958374	0.0467901	13	CAAAGAAAAAAAA	CCAGATGGCACGGACACAACA	-
filter55	M4850_1.02	0	2.96078e-05	0.0217025	0.0423875	13	TGTTCTATTTTTT	TGTTGTGTCCGTGCCATCTGG	+
filter55	M0632_1.02	-1	0.000159292	0.116761	0.0471906	10	TGTTCTATTTTTT	AATGTATCAA	+
filter55	M0942_1.02	-2	0.000163929	0.12016	0.0471906	8	TGTTCTATTTTTT	TTGTAATT	+
filter55	M1007_1.02	-3	0.000178799	0.13106	0.0471906	9	TGTTCTATTTTTT	TTTATGACC	+
filter55	M0408_1.02	-2	0.000263702	0.193294	0.0471906	10	TGTTCTATTTTTT	ATGTGCACAT	+
filter55	M1110_1.02	-3	0.000263702	0.193294	0.0471906	10	TGTTCTATTTTTT	TCTATTGCCC	-
filter55	M0891_1.02	-4	0.000263702	0.193294	0.0471906	9	TGTTCTATTTTTT	TTAATTGGTT	+
filter62	M0891_1.02	-3	2.85912e-05	0.0209573	0.0416368	10	TTCCCAAATTTTT	TTAATTGGTT	+
filter63	M0632_1.02	-3	8.14571e-06	0.00597081	0.00730842	10	CCTTTTGTATTTT	AATGTATCAA	+
filter63	M0607_1.02	-4	1.45417e-05	0.010659	0.00730842	9	CCTTTTGTATTTT	GCGTAAATA	+
filter63	M0942_1.02	-4	1.52949e-05	0.0112111	0.00730842	8	CCTTTTGTATTTT	TTGTAATT	+
filter63	M1592_1.02	-3	3.91668e-05	0.0287092	0.00958136	8	CCTTTTGTATTTT	ATTGTTTT	-
filter63	M1594_1.02	-2	4.01033e-05	0.0293957	0.00958136	10	CCTTTTGTATTTT	CATTGTTCTT	+
filter63	M1605_1.02	-3	4.01033e-05	0.0293957	0.00958136	10	CCTTTTGTATTTT	ATTCATCTTT	+
filter63	M0756_1.02	-3	0.000138474	0.101502	0.0264433	9	CCTTTTGTATTTT	TTTGTTTAC	-
filter63	M0408_1.02	-2	0.00016602	0.121692	0.0264433	10	CCTTTTGTATTTT	ATGTGCACAT	+
filter63	M1601_1.02	-3	0.000322094	0.236095	0.0432959	9	CCTTTTGTATTTT	ATTGTTCTC	+
filter63	M1589_1.02	-3	0.000362434	0.265664	0.0432959	10	CCTTTTGTATTTT	ATTGTTCTGC	-
filter63	M0891_1.02	-4	0.000362434	0.265664	0.0432959	9	CCTTTTGTATTTT	TTAATTGGTT	+
filter64	M1605_1.02	1	1.85376e-06	0.00135881	0.00263688	9	TTCATCATTTTTT	ATTCATCTTT	+
filter64	M0436_1.02	0	3.45167e-05	0.0253007	0.0245491	10	TTCATCATTTTTT	TTGTTTATTG	+
filter66	M0891_1.02	-4	7.71347e-06	0.00565397	0.0110092	9	ACCAGTATTTTAA	TTAATTGGTT	+
filter66	M0887_1.02	0	4.24284e-05	0.0311	0.0135373	9	ACCAGTATTTTAA	CTCATTAGG	-
filter66	M0607_1.02	-4	4.91747e-05	0.036045	0.0135373	9	ACCAGTATTTTAA	GCGTAAATA	+
filter66	M0408_1.02	-2	5.63563e-05	0.0413091	0.0135373	10	ACCAGTATTTTAA	ATGTGCACAT	+
filter66	M1605_1.02	-3	9.51047e-05	0.0697118	0.0193915	10	ACCAGTATTTTAA	ATTCATCTTT	+
filter66	M1110_1.02	-2	0.000139139	0.101989	0.0239743	10	ACCAGTATTTTAA	GGGCAATAGA	+
filter66	M1668_1.02	0	0.000196753	0.14422	0.0239743	12	ACCAGTATTTTAA	TCCAAACGAGAT	+
filter66	M0898_1.02	-4	0.000201229	0.147501	0.0239743	8	ACCAGTATTTTAA	TTACGTAA	+
filter66	M0632_1.02	-1	0.000201567	0.147749	0.0239743	10	ACCAGTATTTTAA	AATGTATCAA	+
filter66	M1592_1.02	-3	0.000232725	0.170587	0.0255509	8	ACCAGTATTTTAA	ATTGTTTT	-
filter66	M1018_1.02	-5	0.000339377	0.248763	0.0345988	7	ACCAGTATTTTAA	TAATTAA	+
filter66	M1007_1.02	-4	0.000552203	0.404765	0.049259	9	ACCAGTATTTTAA	TTTATGACC	+
filter67	M1589_1.02	0	3.22834e-06	0.00236637	0.00466568	10	ATTGTGTTTATAT	ATTGTTCTGC	-
filter67	M0632_1.02	0	2.82262e-05	0.0206898	0.0203966	10	ATTGTGTTTATAT	AATGTATCAA	+
filter67	M1605_1.02	-3	8.59072e-05	0.06297	0.033508	10	ATTGTGTTTATAT	ATTCATCTTT	+
filter67	M0408_1.02	-1	0.000127679	0.0935887	0.033508	10	ATTGTGTTTATAT	ATGTGCACAT	+
filter67	M1601_1.02	0	0.000139112	0.101969	0.033508	9	ATTGTGTTTATAT	ATTGTTCTC	+
filter67	M0891_1.02	-3	0.000187709	0.137591	0.0339661	10	ATTGTGTTTATAT	TTAATTGGTT	+
filter67	M4850_1.02	1	0.000188018	0.137817	0.0339661	13	ATTGTGTTTATAT	TGTTGTGTCCGTGCCATCTGG	+
filter67	M1592_1.02	0	0.000229936	0.168543	0.0369233	8	ATTGTGTTTATAT	ATTGTTTT	-
filter67	M0942_1.02	-3	0.000265813	0.194841	0.0384159	8	ATTGTGTTTATAT	TTGTAATT	+
filter67	M0756_1.02	0	0.00035653	0.261337	0.0437215	9	ATTGTGTTTATAT	TTTGTTTAC	-
filter67	M0630_1.02	0	0.000393281	0.288275	0.0437215	10	ATTGTGTTTATAT	AATGTATCAA	+
filter67	M1594_1.02	1	0.000393281	0.288275	0.0437215	9	ATTGTGTTTATAT	CATTGTTCTT	+
filter69	M6159_1.02	4	1.49348e-05	0.0109472	0.0218244	12	AAGAAAGAAAAAA	TTCCTAGAAAGCTTTT	+
filter70	M1163_1.02	0	0.000115137	0.0843958	0.0433017	9	CTCATGATATTTT	GTAATTAAT	-
filter70	M1605_1.02	-3	0.000135943	0.0996461	0.0433017	10	CTCATGATATTTT	ATTCATCTTT	+
filter70	M0931_1.02	-1	0.000171916	0.126014	0.0433017	9	CTCATGATATTTT	TAATTAATT	+
filter70	M0999_1.02	0	0.000171916	0.126014	0.0433017	9	CTCATGATATTTT	GTAATTAAT	-
filter70	M1012_1.02	0	0.000222908	0.163392	0.0433017	9	CTCATGATATTTT	TTAATGACC	+
filter70	M1110_1.02	0	0.000250084	0.183312	0.0433017	10	CTCATGATATTTT	TCTATTGCCC	-
filter70	M0905_1.02	0	0.000253274	0.18565	0.0433017	9	CTCATGATATTTT	TTAATTACC	+
filter70	M1070_1.02	0	0.000253274	0.18565	0.0433017	9	CTCATGATATTTT	TTAATGACC	+
filter70	M0975_1.02	-1	0.000287373	0.210644	0.0436724	9	CTCATGATATTTT	TAATTAATT	+
filter70	M5689_1.02	0	0.000359356	0.263408	0.0457345	11	CTCATGATATTTT	GTCAGCAAATT	-
filter70	M4463_1.02	4	0.000367817	0.26961	0.0457345	13	CTCATGATATTTT	CTGACTCATTTCCACATT	-
filter71	M0632_1.02	-2	9.38158e-06	0.0068767	0.0135585	10	AATTGGCAAAAAA	AATGTATCAA	+
filter71	M0408_1.02	-1	2.98567e-05	0.021885	0.0143832	10	AATTGGCAAAAAA	ATGTGCACAT	+
filter71	M0607_1.02	-3	4.93924e-05	0.0362047	0.0178458	9	AATTGGCAAAAAA	GCGTAAATA	+
filter71	M6140_1.02	-1	0.000123197	0.0903031	0.0296745	12	AATTGGCAAAAAA	ATTGGTTATATTGGTTAA	+
filter71	M0891_1.02	-3	0.000233189	0.170927	0.0433814	10	AATTGGCAAAAAA	TTAATTGGTT	+
filter71	M0942_1.02	-3	0.000240136	0.17602	0.0433814	8	AATTGGCAAAAAA	TTGTAATT	+
filter71	M1110_1.02	-3	0.00030512	0.223653	0.0489963	10	AATTGGCAAAAAA	GGGCAATAGA	+
filter79	M0891_1.02	-2	3.34533e-05	0.0245213	0.0481931	10	CCTTATGTAATTA	TTAATTGGTT	+
filter83	M4525_1.02	5	3.01896e-05	0.022129	0.0436209	10	GAGGCCATGTGCC	AGCCTCAGGGCATGG	+
filter87	M0404_1.02	0	2.34771e-05	0.0172087	0.0242615	10	GGACGGGGGGGGG	AAGGGGGGCA	+
filter87	M6482_1.02	7	3.34757e-05	0.0245377	0.0242615	13	GGACGGGGGGGGG	GGGGGGGGGCGGGGCCGGGG	+
filter87	M4459_1.02	6	5.14513e-05	0.0377138	0.0248595	13	GGACGGGGGGGGG	GTGCGGGGGCGGGGGGGGGG	+
filter89	M0607_1.02	-3	4.10117e-06	0.00300616	0.00584573	9	TTAACAAATTATT	GCGTAAATA	+
filter89	M0891_1.02	-3	1.92256e-05	0.0140924	0.0137019	10	TTAACAAATTATT	TTAATTGGTT	+
filter89	M1007_1.02	0	4.66321e-05	0.0341813	0.0221562	9	TTAACAAATTATT	TTTATGACC	+
filter89	M0887_1.02	-4	0.000109859	0.0805266	0.0294138	9	TTAACAAATTATT	CTCATTAGG	-
filter89	M0408_1.02	1	0.000161775	0.118581	0.0294138	9	TTAACAAATTATT	ATGTGCACAT	+
filter89	M1281_1.02	0	0.000165086	0.121008	0.0294138	9	TTAACAAATTATT	CTTACGCAA	+
filter89	M0756_1.02	1	0.000165086	0.121008	0.0294138	8	TTAACAAATTATT	GTAAACAAA	+
filter90	M0632_1.02	-3	1.46896e-05	0.0107675	0.00982999	10	AATAAAGATTGTA	AATGTATCAA	+
filter90	M0891_1.02	-1	2.61237e-05	0.0191487	0.00982999	10	AATAAAGATTGTA	TTAATTGGTT	+
filter90	M1668_1.02	-1	2.85961e-05	0.0209609	0.00982999	12	AATAAAGATTGTA	ATCTCGTTTGGA	-
filter90	M0408_1.02	-1	3.45503e-05	0.0253253	0.00982999	10	AATAAAGATTGTA	ATGTGCACAT	+
filter90	M0887_1.02	0	7.46999e-05	0.054755	0.0174934	9	AATAAAGATTGTA	CCTAATGAG	+
filter90	M0607_1.02	-4	8.60796e-05	0.0630963	0.0174934	9	AATAAAGATTGTA	GCGTAAATA	+
filter90	M0898_1.02	-2	0.000340557	0.249628	0.0375073	8	AATAAAGATTGTA	TTACGTAA	+
filter90	M1110_1.02	-3	0.000342758	0.251242	0.0375073	10	AATAAAGATTGTA	GGGCAATAGA	+
filter92	M0747_1.02	-1	1.30457e-05	0.00956248	0.0188965	10	TTTTTTATTTTTT	TGTTTACATT	-
filter92	M6245_1.02	3	3.43806e-05	0.025201	0.0248999	13	TTTTTTATTTTTT	GGTTTGTTTACTTTTT	-
filter92	M0436_1.02	0	6.17506e-05	0.0452632	0.0298149	10	TTTTTTATTTTTT	TTGTTTATTG	+
filter93	M1605_1.02	-2	1.51805e-05	0.0111273	0.0222139	10	GCTTTTATTATTT	ATTCATCTTT	+
filter94	M0607_1.02	-3	4.3371e-05	0.031791	0.0456602	9	TATTAGAAAAATA	GCGTAAATA	+
filter94	M0632_1.02	-3	0.000108751	0.0797143	0.0456602	10	TATTAGAAAAATA	TTGATACATT	-
filter94	M0408_1.02	-1	0.000164728	0.120745	0.0456602	10	TATTAGAAAAATA	ATGTGCACAT	+
filter94	M0891_1.02	-3	0.000188644	0.138276	0.0456602	10	TATTAGAAAAATA	TTAATTGGTT	+
filter96	M0408_1.02	-3	6.24412e-05	0.0457694	0.0448441	10	GCAACATCTACTT	ATGTGCACAT	+
filter100	M0404_1.02	-1	3.19688e-05	0.0234331	0.0468447	10	AGCTCCCAACCCC	TGCCCCCCTT	-
filter101	M1110_1.02	-2	1.68534e-06	0.00123535	0.00239693	10	TGCCTATATTTAT	TCTATTGCCC	-
filter101	M1007_1.02	-4	1.18537e-05	0.00868876	0.00579471	9	TGCCTATATTTAT	TTTATGACC	+
filter101	M0891_1.02	-3	1.24956e-05	0.00915926	0.00579471	10	TGCCTATATTTAT	TTAATTGGTT	+
filter101	M0607_1.02	-1	1.62976e-05	0.0119462	0.00579471	9	TGCCTATATTTAT	GCGTAAATA	+
filter101	M1592_1.02	-5	4.53115e-05	0.0332133	0.0128886	8	TGCCTATATTTAT	ATTGTTTT	-
filter101	M0942_1.02	-5	7.30952e-05	0.0535787	0.0173263	8	TGCCTATATTTAT	TTGTAATT	+
filter101	M0887_1.02	-4	9.68624e-05	0.0710001	0.0188804	9	TGCCTATATTTAT	CCTAATGAG	+
filter101	M0408_1.02	-3	0.000124935	0.0915774	0.0188804	10	TGCCTATATTTAT	ATGTGCACAT	+
filter101	M1016_1.02	-3	0.000132753	0.0973077	0.0188804	7	TGCCTATATTTAT	GTATCAC	-
filter101	M0632_1.02	-2	0.00018145	0.133003	0.0207501	10	TGCCTATATTTAT	AATGTATCAA	+
filter101	M1668_1.02	-1	0.000189669	0.139027	0.0207501	12	TGCCTATATTTAT	TCCAAACGAGAT	+
filter101	M0898_1.02	-5	0.000209828	0.153804	0.0213159	8	TGCCTATATTTAT	TTACGTAA	+
filter101	M1034_1.02	-6	0.000256892	0.188302	0.0228348	7	TGCCTATATTTAT	TAATTGC	-
filter101	M1507_1.02	0	0.000331199	0.242769	0.0277081	10	TGCCTATATTTAT	AGCCAAAATT	-
filter101	M1018_1.02	-6	0.000649488	0.476075	0.0426969	7	TGCCTATATTTAT	TAATTAA	+
filter101	M0937_1.02	-2	0.000649488	0.476075	0.0426969	7	TGCCTATATTTAT	GGTATCA	-
filter101	M1049_1.02	0	0.000660468	0.484123	0.0426969	10	TGCCTATATTTAT	GGGGTATCAT	-
filter102	M0931_1.02	-1	5.00183e-05	0.0366634	0.0353155	9	GCAATTCAATTTA	TAATTAATT	+
filter102	M0975_1.02	-1	6.74751e-05	0.0494593	0.0353155	9	GCAATTCAATTTA	TAATTAATT	+
filter102	M1605_1.02	-3	7.94599e-05	0.0582441	0.0353155	10	GCAATTCAATTTA	ATTCATCTTT	+
filter102	M5941_1.02	0	0.000133803	0.0980774	0.035933	13	GCAATTCAATTTA	CTAATTAAATTAG	-
filter102	M0891_1.02	0	0.000134749	0.0987708	0.035933	10	GCAATTCAATTTA	TTAATTGGTT	+
filter103	M0632_1.02	0	3.44197e-05	0.0252297	0.0317052	10	AATGTAAAAAAAA	AATGTATCAA	+
filter103	M0630_1.02	0	4.46033e-05	0.0326943	0.0317052	10	AATGTAAAAAAAA	AATGTATCAA	+
filter103	M0891_1.02	-3	9.45002e-05	0.0692686	0.044782	10	AATGTAAAAAAAA	TTAATTGGTT	+
filter104	M1605_1.02	-3	1.78464e-06	0.00130814	0.00257025	10	CACACTTTAAAAT	ATTCATCTTT	+
filter104	M0408_1.02	-3	2.54791e-05	0.0186762	0.0119467	10	CACACTTTAAAAT	ATGTGCACAT	+
filter104	M0607_1.02	-3	3.31806e-05	0.0243214	0.0119467	9	CACACTTTAAAAT	GCGTAAATA	+
filter104	M1592_1.02	-3	0.000118252	0.0866786	0.0301576	8	CACACTTTAAAAT	ATTGTTTT	-
filter104	M1007_1.02	-4	0.000125639	0.0920935	0.0301576	9	CACACTTTAAAAT	TTTATGACC	+
filter104	M1110_1.02	-1	0.000194288	0.142413	0.0396805	10	CACACTTTAAAAT	TCTATTGCCC	-
filter104	M0891_1.02	-3	0.000220416	0.161565	0.0396805	10	CACACTTTAAAAT	TTAATTGGTT	+
filter104	M0632_1.02	-3	0.000249787	0.183094	0.0399715	10	CACACTTTAAAAT	AATGTATCAA	+
filter106	M0436_1.02	-2	1.19258e-05	0.0087416	0.0172409	10	ACCTTTTTTTTTT	TTGTTTATTG	+
filter108	M1605_1.02	-1	6.94861e-06	0.00509333	0.0099276	10	CCTTGAGTTTTTT	ATTCATCTTT	+
filter124	M0607_1.02	-3	1.50116e-05	0.0110035	0.0205818	9	CGTACCAACATGG	GCGTAAATA	+
filter124	M0891_1.02	-3	3.74553e-05	0.0274548	0.0205818	10	CGTACCAACATGG	TTAATTGGTT	+
filter124	M0408_1.02	-3	5.7276e-05	0.0419833	0.0205818	10	CGTACCAACATGG	ATGTGCACAT	+
filter124	M1110_1.02	-3	0.000129287	0.0947673	0.035218	10	CGTACCAACATGG	TCTATTGCCC	-
filter124	M0887_1.02	-3	0.00014701	0.107758	0.035218	9	CGTACCAACATGG	CTCATTAGG	-
filter124	M0898_1.02	-1	0.000206857	0.151626	0.0424758	8	CGTACCAACATGG	TTACGTAA	+
filter126	M1668_1.02	-1	2.5356e-05	0.0185859	0.0221842	12	ATCAAAGCAATTT	TCCAAACGAGAT	+
filter126	M0632_1.02	-3	4.12359e-05	0.0302259	0.0221842	10	ATCAAAGCAATTT	AATGTATCAA	+
filter126	M0607_1.02	-4	5.98655e-05	0.0438814	0.0221842	9	ATCAAAGCAATTT	GCGTAAATA	+
filter126	M0891_1.02	-3	6.13147e-05	0.0449437	0.0221842	10	ATCAAAGCAATTT	TTAATTGGTT	+
filter133	M0607_1.02	-4	3.87612e-07	0.000284119	0.000557849	9	GACTTCATTATAA	GCGTAAATA	+
filter133	M0898_1.02	-2	5.36391e-05	0.0393175	0.0385986	8	GACTTCATTATAA	TTACGTAA	+
filter134	M0891_1.02	-3	1.66919e-06	0.00122351	0.00239617	10	GAGTAAAAAAAAA	TTAATTGGTT	+
filter135	M0436_1.02	-2	5.1326e-06	0.0037622	0.00340034	10	TTCTGTTTTTTTT	TTGTTTATTG	+
filter135	M6245_1.02	1	6.74276e-06	0.00494245	0.00340034	13	TTCTGTTTTTTTT	GGTTTGTTTACTTTTT	-
filter135	M0747_1.02	-3	7.04863e-06	0.00516664	0.00340034	10	TTCTGTTTTTTTT	TGTTTACATT	-
filter135	M0718_1.02	-2	0.000147197	0.107895	0.0452065	10	TTCTGTTTTTTTT	TTGTTTACAT	-
filter135	M6490_1.02	0	0.000183359	0.134402	0.0452065	9	TTCTGTTTTTTTT	TTTTGTTTT	-
filter135	M2283_1.02	0	0.000187419	0.137378	0.0452065	13	TTCTGTTTTTTTT	CTTTGTTTACTTTTG	-
filter137	M0891_1.02	-3	3.90806e-06	0.00286461	0.00568051	10	AGTCTAGATTATA	TTAATTGGTT	+
filter138	M0632_1.02	-2	6.13579e-05	0.0449753	0.0338044	10	GAAGTGGAAATAA	AATGTATCAA	+
filter138	M0408_1.02	-1	7.0025e-05	0.0513283	0.0338044	10	GAAGTGGAAATAA	ATGTGCACAT	+
filter139	M1266_1.02	0	2.88169e-05	0.0211228	0.0346568	10	AGTTTCTTTTTTT	GGTTTCGGTC	-
filter139	M1605_1.02	-2	5.55476e-05	0.0407164	0.0346568	10	AGTTTCTTTTTTT	ATTCATCTTT	+
filter139	M1529_1.02	-1	7.1592e-05	0.052477	0.0346568	10	AGTTTCTTTTTTT	GTTGCTATGG	-
filter139	M1528_1.02	-1	0.000103834	0.0761104	0.0376986	10	AGTTTCTTTTTTT	GTTGCCATGG	-
filter140	M1110_1.02	-2	7.04994e-05	0.0516761	0.0332565	10	CATTTATTTATTT	TCTATTGCCC	-
filter140	M1007_1.02	-2	9.29333e-05	0.0681201	0.0332565	9	CATTTATTTATTT	TTTATGACC	+
filter140	M0756_1.02	-2	9.29333e-05	0.0681201	0.0332565	9	CATTTATTTATTT	TTTGTTTAC	-
filter140	M0632_1.02	-2	9.29397e-05	0.0681248	0.0332565	10	CATTTATTTATTT	AATGTATCAA	+
filter140	M0408_1.02	-3	0.000234146	0.171629	0.044266	10	CATTTATTTATTT	ATGTGCACAT	+
filter140	M0891_1.02	-3	0.000234146	0.171629	0.044266	10	CATTTATTTATTT	TTAATTGGTT	+
filter140	M0942_1.02	-3	0.000247415	0.181355	0.044266	8	CATTTATTTATTT	TTGTAATT	+
filter140	M0437_1.02	0	0.000285098	0.208977	0.0453406	9	CATTTATTTATTT	TATATATAT	+
filter140	M1605_1.02	-1	0.000341281	0.250159	0.048848	10	CATTTATTTATTT	ATTCATCTTT	+
filter145	M1605_1.02	-2	1.17319e-05	0.00859948	0.0169224	10	AATTTTAAATTTT	ATTCATCTTT	+
filter145	M0891_1.02	-3	4.26203e-05	0.0312407	0.0210996	10	AATTTTAAATTTT	TTAATTGGTT	+
filter145	M1007_1.02	-3	4.38837e-05	0.0321668	0.0210996	9	AATTTTAAATTTT	TTTATGACC	+
filter146	M0891_1.02	-3	1.36328e-06	0.000999283	0.00192528	10	TTCCTATTTTTTT	TTAATTGGTT	+
filter146	M1110_1.02	-2	3.10699e-06	0.00227742	0.00219391	10	TTCCTATTTTTTT	TCTATTGCCC	-
filter146	M0632_1.02	-2	6.80181e-06	0.00498573	0.00304284	10	TTCCTATTTTTTT	AATGTATCAA	+
filter146	M0942_1.02	-5	8.61845e-06	0.00631733	0.00304284	8	TTCCTATTTTTTT	TTGTAATT	+
filter146	M1018_1.02	-3	1.65339e-05	0.0121194	0.00334556	7	TTCCTATTTTTTT	TAATTAA	+
filter146	M0408_1.02	-3	1.65827e-05	0.0121551	0.00334556	10	TTCCTATTTTTTT	ATGTGCACAT	+
filter146	M0898_1.02	-3	3.00062e-05	0.0219945	0.00418187	8	TTCCTATTTTTTT	TTACGTAA	+
filter146	M1007_1.02	-4	3.02638e-05	0.0221834	0.00418187	9	TTCCTATTTTTTT	TTTATGACC	+
filter146	M0756_1.02	-2	3.02638e-05	0.0221834	0.00418187	9	TTCCTATTTTTTT	TTTGTTTAC	-
filter146	M0887_1.02	-2	3.51926e-05	0.0257962	0.00418187	9	TTCCTATTTTTTT	CTCATTAGG	-
filter146	M1592_1.02	-5	3.55338e-05	0.0260463	0.00418187	8	TTCCTATTTTTTT	ATTGTTTT	-
filter146	M0436_1.02	-3	6.57596e-05	0.0482018	0.00714374	10	TTCCTATTTTTTT	TTGTTTATTG	+
filter146	M1605_1.02	-3	8.53442e-05	0.0625573	0.00860906	10	TTCCTATTTTTTT	ATTCATCTTT	+
filter146	M1034_1.02	-3	0.000211276	0.154865	0.0175514	7	TTCCTATTTTTTT	TAATTGC	-
filter146	M0607_1.02	-3	0.000321473	0.23564	0.0245683	9	TTCCTATTTTTTT	GCGTAAATA	+
filter146	M1157_1.02	-1	0.000467843	0.342929	0.0330354	10	TTCCTATTTTTTT	TTTTATGACC	+
filter146	M0718_1.02	-3	0.000656433	0.481166	0.0421384	10	TTCCTATTTTTTT	TTGTTTACAT	-
filter147	M0942_1.02	-3	1.04086e-06	0.000762947	0.00147631	8	TGTTCGTTTTTTT	TTGTAATT	+
filter147	M0632_1.02	-2	3.32315e-06	0.00243587	0.00234993	10	TGTTCGTTTTTTT	AATGTATCAA	+
filter147	M0607_1.02	-3	5.93856e-06	0.00435296	0.00234993	9	TGTTCGTTTTTTT	GCGTAAATA	+
filter147	M0408_1.02	-3	9.88531e-06	0.00724594	0.00234993	10	TGTTCGTTTTTTT	ATGTGCACAT	+
filter147	M0891_1.02	-3	1.14819e-05	0.00841621	0.00234993	10	TGTTCGTTTTTTT	TTAATTGGTT	+
filter147	M0756_1.02	-2	1.15975e-05	0.00850096	0.00234993	9	TGTTCGTTTTTTT	TTTGTTTAC	-
filter147	M1592_1.02	-2	8.50405e-05	0.0623347	0.0134021	8	TGTTCGTTTTTTT	ATTGTTTT	-
filter147	M1110_1.02	-2	0.000104936	0.0769182	0.0148838	10	TGTTCGTTTTTTT	TCTATTGCCC	-
filter147	M0887_1.02	-4	0.000248844	0.182403	0.0296285	9	TGTTCGTTTTTTT	CCTAATGAG	+
filter147	M0718_1.02	-3	0.00025067	0.183741	0.0296285	10	TGTTCGTTTTTTT	TTGTTTACAT	-
filter147	M1605_1.02	-2	0.000318363	0.23336	0.0326293	10	TGTTCGTTTTTTT	ATTCATCTTT	+
filter147	M1007_1.02	-2	0.000414675	0.303957	0.0392108	9	TGTTCGTTTTTTT	TTTATGACC	+
filter147	M6140_1.02	-1	0.000510203	0.373979	0.0452285	12	TGTTCGTTTTTTT	ATTGGTTATATTGGTTAA	+
filter148	M0975_1.02	1	7.62593e-05	0.0558981	0.0493072	8	AATTAAATTATTA	TAATTAATT	+
filter148	M1605_1.02	-1	9.54115e-05	0.0699367	0.0493072	10	AATTAAATTATTA	ATTCATCTTT	+
filter148	M6399_1.02	10	0.000114258	0.0837514	0.0493072	11	AATTAAATTATTA	AAAAAAAATCAATAACAAGAC	-
filter148	M0931_1.02	1	0.000153999	0.112882	0.0498428	8	AATTAAATTATTA	TAATTAATT	+
filter149	M1605_1.02	-4	1.85676e-05	0.0136101	0.0252753	9	TTTAATTTTTTTT	ATTCATCTTT	+
filter149	M1592_1.02	-4	3.99015e-05	0.0292478	0.0271581	8	TTTAATTTTTTTT	ATTGTTTT	-
filter155	M0404_1.02	-2	1.08139e-05	0.00792656	0.0156528	10	CCTACCCTTTCTC	TGCCCCCCTT	-
filter158	M0408_1.02	-3	8.36175e-06	0.00612916	0.00294154	10	TCCACATTTTTTT	ATGTGCACAT	+
filter158	M0632_1.02	-2	8.36175e-06	0.00612916	0.00294154	10	TCCACATTTTTTT	AATGTATCAA	+
filter158	M1110_1.02	-2	8.36175e-06	0.00612916	0.00294154	10	TCCACATTTTTTT	TCTATTGCCC	-
filter158	M0942_1.02	-5	1.19529e-05	0.00876149	0.00336389	8	TCCACATTTTTTT	TTGTAATT	+
filter158	M0891_1.02	-3	3.4123e-05	0.0250122	0.00787088	10	TCCACATTTTTTT	TTAATTGGTT	+
filter158	M0887_1.02	-2	3.91546e-05	0.0287003	0.00787088	9	TCCACATTTTTTT	CTCATTAGG	-
filter158	M1592_1.02	-5	9.09262e-05	0.0666489	0.0142162	8	TCCACATTTTTTT	ATTGTTTT	-
filter158	M0898_1.02	-1	0.00010759	0.0788635	0.0151395	8	TCCACATTTTTTT	TTACGTAA	-
filter158	M0607_1.02	-3	0.000155554	0.114021	0.0198987	9	TCCACATTTTTTT	GCGTAAATA	+
filter158	M1507_1.02	-3	0.000182902	0.134067	0.0214474	10	TCCACATTTTTTT	AATTTTGGCT	+
filter158	M1007_1.02	-4	0.000361041	0.264643	0.0307986	9	TCCACATTTTTTT	TTTATGACC	+
filter158	M1668_1.02	0	0.00038117	0.279397	0.0307986	12	TCCACATTTTTTT	TCCAAACGAGAT	+
filter158	M1034_1.02	-3	0.000561841	0.41183	0.04161	7	TCCACATTTTTTT	TAATTGC	-
filter158	M0756_1.02	-2	0.000613819	0.449929	0.042995	9	TCCACATTTTTTT	TTTGTTTAC	-
filter158	M1605_1.02	-4	0.000641651	0.47033	0.042995	9	TCCACATTTTTTT	ATTCATCTTT	+
filter158	M1018_1.02	-3	0.000768774	0.563511	0.0491716	7	TCCACATTTTTTT	TAATTAA	+
filter163	M4463_1.02	5	3.85451e-06	0.00282535	0.00559	13	TCATGTCTTTTTT	CTGACTCATTTCCACATT	-
filter164	M1049_1.02	0	4.93911e-07	0.000362037	0.000697523	10	AGTATACATAAAA	ATGATACCCC	+
filter164	M1110_1.02	0	3.10885e-06	0.00227878	0.00153674	10	AGTATACATAAAA	TCTATTGCCC	-
filter164	M0952_1.02	-1	3.26447e-06	0.00239286	0.00153674	8	AGTATACATAAAA	TGATACCC	+
filter164	M1016_1.02	0	5.16953e-06	0.00378927	0.00182516	7	AGTATACATAAAA	GTGATAC	+
filter164	M0994_1.02	0	7.18222e-06	0.00526456	0.00202861	9	AGTATACATAAAA	ATGATACCC	+
filter164	M0891_1.02	-3	9.9041e-06	0.00725971	0.00233117	10	AGTATACATAAAA	TTAATTGGTT	+
filter164	M1605_1.02	-3	1.84148e-05	0.013498	0.00371517	10	AGTATACATAAAA	ATTCATCTTT	+
filter164	M0937_1.02	-1	2.9465e-05	0.0215979	0.00520148	7	AGTATACATAAAA	TGATACC	+
filter164	M0632_1.02	0	5.10508e-05	0.0374203	0.0080107	10	AGTATACATAAAA	TTGATACATT	-
filter164	M0105_1.02	-1	8.23247e-05	0.060344	0.0105693	9	AGTATACATAAAA	CAATTAAAA	-
filter164	M1668_1.02	-1	0.000194231	0.142371	0.0211001	12	AGTATACATAAAA	ATCTCGTTTGGA	-
filter164	M0635_1.02	1	0.000234393	0.17181	0.022068	12	AGTATACATAAAA	TTTTATACATGTT	-
filter164	M0408_1.02	-1	0.000315975	0.23161	0.0258964	10	AGTATACATAAAA	ATGTGCACAT	+
filter164	M0437_1.02	-2	0.000330067	0.241939	0.0258964	9	AGTATACATAAAA	TATATATAT	+
filter164	M0887_1.02	-2	0.000427526	0.313376	0.0317774	9	AGTATACATAAAA	CCTAATGAG	+
filter167	M0607_1.02	-3	2.49889e-06	0.00183169	0.0032781	9	ATATCGTTATTAA	GCGTAAATA	+
filter167	M0891_1.02	0	8.6137e-06	0.00631384	0.0032781	10	ATATCGTTATTAA	TTAATTGGTT	+
filter167	M0408_1.02	-3	1.15164e-05	0.00844151	0.0032781	10	ATATCGTTATTAA	ATGTGCACAT	+
filter167	M0632_1.02	-2	1.15164e-05	0.00844151	0.0032781	10	ATATCGTTATTAA	AATGTATCAA	+
filter167	M0887_1.02	-4	4.92262e-05	0.0360828	0.0116767	9	ATATCGTTATTAA	CCTAATGAG	+
filter167	M0942_1.02	-5	0.000149181	0.10935	0.0235911	8	ATATCGTTATTAA	TTGTAATT	+
filter167	M1110_1.02	-3	0.000184353	0.135131	0.0257694	10	ATATCGTTATTAA	TCTATTGCCC	-
filter167	M1592_1.02	-2	0.000199168	0.14599	0.0257694	8	ATATCGTTATTAA	ATTGTTTT	-
filter167	M1668_1.02	0	0.000283143	0.207544	0.0309983	12	ATATCGTTATTAA	ATCTCGTTTGGA	-
filter167	M1605_1.02	-2	0.000333473	0.244436	0.0339007	10	ATATCGTTATTAA	ATTCATCTTT	+
filter167	M1007_1.02	-4	0.000364857	0.26744	0.0346184	9	ATATCGTTATTAA	GGTCATAAA	-
filter167	M1034_1.02	-6	0.000520033	0.381184	0.0408488	7	ATATCGTTATTAA	TAATTGC	-
filter167	M0898_1.02	-1	0.000522806	0.383217	0.0408488	8	ATATCGTTATTAA	TTACGTAA	+
filter167	M4850_1.02	7	0.000601766	0.441094	0.0408488	13	ATATCGTTATTAA	CCAGATGGCACGGACACAACA	-
filter167	M1018_1.02	-6	0.00060273	0.441801	0.0408488	7	ATATCGTTATTAA	TAATTAA	+
filter167	M0718_1.02	0	0.000735359	0.539018	0.0455038	10	ATATCGTTATTAA	TTGTTTACAT	-
filter169	M0607_1.02	-2	2.19794e-05	0.0161109	0.0315483	9	CATCTATATTATA	GCGTAAATA	+
filter169	M1605_1.02	-1	4.96649e-05	0.0364043	0.0340225	10	CATCTATATTATA	ATTCATCTTT	+
filter169	M1007_1.02	-4	0.000107847	0.0790518	0.0340225	9	CATCTATATTATA	TTTATGACC	+
filter169	M1110_1.02	-2	0.000108939	0.0798523	0.0340225	10	CATCTATATTATA	TCTATTGCCC	-
filter169	M6184_1.02	1	0.000118516	0.0868723	0.0340225	13	CATCTATATTATA	CCATCGATCCCCCT	-
filter169	M0891_1.02	-2	0.000203088	0.148863	0.0485838	10	CATCTATATTATA	TTAATTGGTT	+
filter170	M0898_1.02	-3	1.7118e-06	0.00125475	0.00244147	8	CATTAACATATTT	TTACGTAA	+
filter170	M0408_1.02	-1	8.77019e-06	0.00642855	0.00365941	10	CATTAACATATTT	ATGTGCACAT	+
filter170	M1605_1.02	-1	1.02629e-05	0.00752273	0.00365941	10	CATTAACATATTT	ATTCATCTTT	+
filter170	M0632_1.02	-3	1.39862e-05	0.0102519	0.00385925	10	CATTAACATATTT	AATGTATCAA	+
filter170	M1007_1.02	-2	1.6325e-05	0.0119663	0.00385925	9	CATTAACATATTT	TTTATGACC	+
filter170	M0891_1.02	-3	2.19917e-05	0.0161199	0.00392074	10	CATTAACATATTT	TTAATTGGTT	+
filter170	M0887_1.02	-4	2.67335e-05	0.0195957	0.00423656	9	CATTAACATATTT	CTCATTAGG	-
filter170	M0607_1.02	-5	6.81623e-05	0.049963	0.00972174	8	CATTAACATATTT	GCGTAAATA	+
filter170	M0756_1.02	-1	7.91805e-05	0.0580393	0.0102666	9	CATTAACATATTT	GTAAACAAA	+
filter170	M0608_1.02	-3	0.000134824	0.0988258	0.0160245	10	CATTAACATATTT	TTACGCCCCC	-
filter170	M1110_1.02	-3	0.000153595	0.112585	0.0168513	10	CATTAACATATTT	TCTATTGCCC	-
filter170	M1592_1.02	-1	0.000436192	0.319728	0.0345624	8	CATTAACATATTT	ATTGTTTT	-
filter170	M1018_1.02	-3	0.000535646	0.392628	0.0390515	7	CATTAACATATTT	TAATTAA	+
filter170	M0942_1.02	-1	0.000579119	0.424494	0.0393322	8	CATTAACATATTT	AATTACAA	-
filter170	M0610_1.02	-3	0.000705581	0.517191	0.0437541	9	CATTAACATATTT	TAACGCGAT	-
filter171	M1007_1.02	0	3.52282e-06	0.00258223	0.00493918	9	TTTATTAAAATTT	TTTATGACC	+
filter171	M1110_1.02	-3	6.97366e-05	0.0511169	0.0367685	10	TTTATTAAAATTT	TCTATTGCCC	-
filter171	M0891_1.02	-3	8.00047e-05	0.0586435	0.0367685	10	TTTATTAAAATTT	TTAATTGGTT	+
filter171	M0632_1.02	-1	0.000104899	0.0768911	0.0367685	10	TTTATTAAAATTT	TTGATACATT	-
filter171	M1157_1.02	1	0.000177694	0.13025	0.040244	9	TTTATTAAAATTT	TTTTATGACC	+
filter171	M0887_1.02	-3	0.000218883	0.160442	0.040244	9	TTTATTAAAATTT	CCTAATGAG	+
filter171	M1605_1.02	-3	0.000229629	0.168318	0.040244	10	TTTATTAAAATTT	ATTCATCTTT	+
filter171	M0408_1.02	-3	0.000295382	0.216515	0.041414	10	TTTATTAAAATTT	ATGTGCACAT	+
filter171	M0897_1.02	1	0.000334448	0.24515	0.0426284	9	TTTATTAAAATTT	TTTTATGGGC	+
filter175	M0607_1.02	-4	1.11967e-05	0.0082072	0.00514553	9	GTATGCTTTTATT	GCGTAAATA	+
filter175	M0408_1.02	-3	1.54899e-05	0.0113541	0.00514553	10	GTATGCTTTTATT	ATGTGCACAT	+
filter175	M0891_1.02	-2	1.7934e-05	0.0131456	0.00514553	10	GTATGCTTTTATT	TTAATTGGTT	+
filter175	M0887_1.02	-1	1.81903e-05	0.0133335	0.00514553	9	GTATGCTTTTATT	CCTAATGAG	+
filter175	M1605_1.02	-2	0.000107482	0.0787845	0.0247184	10	GTATGCTTTTATT	ATTCATCTTT	+
filter175	M1110_1.02	0	0.000122337	0.0896731	0.0247184	10	GTATGCTTTTATT	GGGCAATAGA	+
filter175	M1018_1.02	-3	0.000176306	0.129232	0.0282625	7	GTATGCTTTTATT	TAATTAA	+
filter175	M4850_1.02	7	0.000179843	0.131825	0.0282625	13	GTATGCTTTTATT	CCAGATGGCACGGACACAACA	-
filter175	M0632_1.02	-1	0.000293632	0.215232	0.0415302	10	GTATGCTTTTATT	AATGTATCAA	+
filter175	M0898_1.02	-2	0.000415464	0.304535	0.0420622	8	GTATGCTTTTATT	TTACGTAA	+
filter175	M0996_1.02	-3	0.000462861	0.339277	0.0420622	7	GTATGCTTTTATT	TGATTTC	-
filter175	M0756_1.02	0	0.00047583	0.348783	0.0420622	9	GTATGCTTTTATT	GTAAACAAA	+
filter175	M1070_1.02	-2	0.00047583	0.348783	0.0420622	9	GTATGCTTTTATT	TTAATGACC	+
filter175	M0931_1.02	-3	0.000539546	0.395487	0.0448889	9	GTATGCTTTTATT	TAATTAATT	+
filter176	M0607_1.02	-4	5.92003e-07	0.000433938	0.000852244	9	CTTATCGTTTTTT	GCGTAAATA	+
filter180	M0891_1.02	-3	2.41948e-06	0.00177348	0.00346304	10	TCCTGAAAATAAT	TTAATTGGTT	+
filter180	M0607_1.02	-1	2.02807e-05	0.0148657	0.014514	9	TCCTGAAAATAAT	GCGTAAATA	+
filter180	M0887_1.02	-2	8.94672e-05	0.0655795	0.0426852	9	TCCTGAAAATAAT	CCTAATGAG	+
filter186	M0942_1.02	-2	5.02627e-06	0.00368426	0.00721027	8	AGTTGTGTTTATT	TTGTAATT	+
filter186	M0632_1.02	-1	2.86211e-05	0.0209792	0.0205287	10	AGTTGTGTTTATT	AATGTATCAA	+
filter186	M0756_1.02	-1	8.28799e-05	0.060751	0.0363804	9	AGTTGTGTTTATT	TTTGTTTAC	-
filter186	M1605_1.02	-3	0.000140486	0.102976	0.0363804	10	AGTTGTGTTTATT	ATTCATCTTT	+
filter186	M0436_1.02	-2	0.000180079	0.131998	0.0363804	10	AGTTGTGTTTATT	TTGTTTATTG	+
filter186	M0408_1.02	-2	0.000203538	0.149193	0.0363804	10	AGTTGTGTTTATT	ATGTGCACAT	+
filter186	M0887_1.02	-4	0.000215198	0.15774	0.0363804	9	AGTTGTGTTTATT	CTCATTAGG	-
filter186	M1592_1.02	-1	0.000228246	0.167305	0.0363804	8	AGTTGTGTTTATT	ATTGTTTT	-
filter186	M0199_1.02	2	0.000334381	0.245101	0.0479676	11	AGTTGTGTTTATT	GCACGTGTCGTTA	-
filter186	M0718_1.02	-2	0.000369392	0.270764	0.0481727	10	AGTTGTGTTTATT	TTGTTTACAT	-
filter186	M0607_1.02	-2	0.000408124	0.299155	0.0487885	9	AGTTGTGTTTATT	GCGTAAATA	+
filter189	M1605_1.02	-3	1.24404e-05	0.00911884	0.0182168	10	TTTCTTCTTTTTT	ATTCATCTTT	+
filter191	M1605_1.02	-3	9.7974e-07	0.00071815	0.0013777	10	TTACTTCTTTTTT	ATTCATCTTT	+
filter191	M0436_1.02	0	3.47212e-06	0.00254506	0.00244122	10	TTACTTCTTTTTT	TTGTTTATTG	+
filter191	M0718_1.02	0	1.11553e-05	0.00817685	0.00522882	10	TTACTTCTTTTTT	TTGTTTACAT	-
filter191	M0747_1.02	-1	1.53166e-05	0.011227	0.00538448	10	TTACTTCTTTTTT	TGTTTACATT	-
filter191	M0891_1.02	-3	0.000117575	0.0861824	0.0330664	10	TTACTTCTTTTTT	TTAATTGGTT	+
filter191	M0931_1.02	-1	0.000172723	0.126606	0.0404802	9	TTACTTCTTTTTT	TAATTAATT	+
filter197	M0632_1.02	-3	5.44481e-06	0.00399104	0.006132	10	CAAAATGTTGGGA	AATGTATCAA	+
filter197	M0942_1.02	-4	8.58481e-06	0.00629266	0.006132	8	CAAAATGTTGGGA	TTGTAATT	+
filter197	M1592_1.02	-3	0.000112123	0.0821858	0.0443685	8	CAAAATGTTGGGA	ATTGTTTT	-
filter197	M1110_1.02	-1	0.00013616	0.0998051	0.0443685	10	CAAAATGTTGGGA	TCTATTGCCC	-
filter197	M0630_1.02	-3	0.00015529	0.113827	0.0443685	10	CAAAATGTTGGGA	AATGTATCAA	+

# Tomtom (Motif Comparison Tool): Version 5.0.3 compiled on Jan 14 2019 at 15:19:40
# The format of this file is described at http://meme-suite.org//doc/tomtom-output-format.html.
# tomtom -dist ed -thresh 0.05 -oc results/Basset_noEmbd/Motif_Analysis_Negative/tomtom results/Basset_noEmbd/Motif_Analysis_Negative/filters_meme.txt /s/jawar/h/nobackup/fahad/MEME_SUITE/motif_databases/CIS-BP/Homo_sapiens.meme
