filter1	M4459_1.02	7	4.41054e-05	0.0323292	0.0361994	13	GACGTCGGGGGGG	GTGCGGGGGCGGGGGGGGGG	+	EGR1
filter1	M6482_1.02	7	4.95098e-05	0.0362907	0.0361994	13	GACGTCGGGGGGG	GGGGGGGGGCGGGGCCGGGG	+	SP7,SP3,SP6,SP5,SP9
filter1	M6442_1.02	1	0.000109454	0.0802297	0.049805	13	GACGTCGGGGGGG	GGAAGGGGGGGGCAGGG	-	PURA
filter1	M0609_1.02	-2	0.000136236	0.0998612	0.049805	10	GACGTCGGGGGGG	CCCCGCGGCC	+	DNMT1
filter9	M0891_1.02	0	5.02507e-06	0.00368337	0.0071838	10	TCAAAAAGACGCC	TTAATTGGTT	+	TLX2,TLX3
filter14	M0404_1.02	-2	5.67659e-05	0.0416094	0.0442776	10	CCAGCCCCGCCCC	TGCCCCCCTT	-	ZNF202
filter14	M6482_1.02	7	7.3525e-05	0.0538938	0.0442776	13	CCAGCCCCGCCCC	CCCCGGCCCCGCCCCCCCCC	-	SP7,SP3,SP6,SP5,SP9
filter14	M6552_1.02	2	9.12592e-05	0.066893	0.0442776	13	CCAGCCCCGCCCC	CCCCTCCCCCACCCC	-	ZNF281,ZNF148
filter14	M2314_1.02	3	0.000124404	0.0911882	0.0452693	12	CCAGCCCCGCCCC	GCCCCGCCCCCTCCC	-	SP2,SP7,SP6,SP5,SP9
filter16	M2314_1.02	3	3.04458e-05	0.0223168	0.0441617	12	CGTACTCCCCCCC	GCCCCGCCCCCTCCC	-	SP2,SP7,SP6,SP5,SP9
filter16	M6482_1.02	8	6.49846e-05	0.0476337	0.0471303	12	CGTACTCCCCCCC	CCCCGGCCCCGCCCCCCCCC	-	SP7,SP3,SP6,SP5,SP9
filter19	M1934_1.02	5	1.26986e-05	0.00930807	0.0184963	13	AGGGTGCGGGGGG	AGGTCAGGGTGACCTGGGCC	+	ESR1
filter20	M4459_1.02	7	1.84537e-05	0.0135266	0.0270532	13	GACGAGGGGGGGG	GTGCGGGGGCGGGGGGGGGG	+	EGR1
filter20	M6482_1.02	7	5.80067e-05	0.0425189	0.0425189	13	GACGAGGGGGGGG	GGGGGGGGGCGGGGCCGGGG	+	SP7,SP3,SP6,SP5,SP9
filter23	M0608_1.02	0	3.17499e-05	0.0232727	0.0461411	10	AAGCGGACCCGCC	TTACGCCCCC	-	MLL
filter24	M0609_1.02	0	5.53549e-07	0.000405751	0.000805566	10	CGCCGTAGGGGGG	CCCCGCGGCC	+	DNMT1
filter26	M0442_1.02	-2	9.86963e-08	7.23444e-05	0.000143928	9	CTCACTGCCGGCC	CACTGCATT	-	ZBTB3
filter27	M0891_1.02	0	1.41537e-05	0.0103746	0.0204187	10	TGAAGGGGGGGGG	TTAATTGGTT	+	TLX2,TLX3
filter27	M6330_1.02	0	3.39757e-05	0.0249042	0.0245074	13	TGAAGGGGGGGGG	CGAAGGCTGCGGGGTCAGCAC	-	MAFA
filter27	M1030_1.02	0	7.47475e-05	0.0547899	0.0359446	9	TGAAGGGGGGGGG	TTAAGTGGT	-	NKX2-3,NKX2-4,NKX2-6
filter28	M1668_1.02	0	2.10411e-05	0.0154231	0.0306052	12	CCCAGCCCCCCCC	TCCAAACGAGAT	+	PRKRIR
filter31	M0891_1.02	-2	1.01059e-07	7.40761e-05	0.000143021	10	ACATAAAGGAGGA	TTAATTGGTT	+	TLX2,TLX3
filter31	M0887_1.02	-1	1.55397e-05	0.0113906	0.00754597	9	ACATAAAGGAGGA	CCTAATGAG	+	HOXA2,HOXA6,HOXD3,HOXB4
filter31	M1110_1.02	-2	1.59959e-05	0.011725	0.00754597	10	ACATAAAGGAGGA	TCTATTGCCC	-	HHEX
filter31	M1070_1.02	-2	3.44241e-05	0.0252329	0.0113596	9	ACATAAAGGAGGA	TTAATGACC	+	HOXA6,HOXD3,AC012531.1,HOXB4,HOXC5
filter31	M1007_1.02	-2	4.01334e-05	0.0294178	0.0113596	9	ACATAAAGGAGGA	TTTATGACC	+	HOXA11
filter31	M1025_1.02	-3	5.58596e-05	0.0409451	0.0116185	8	ACATAAAGGAGGA	TAATTAGC	-	HOXD1
filter31	M0898_1.02	-3	7.74282e-05	0.0567549	0.0121754	8	ACATAAAGGAGGA	TTACGTAA	+	ZHX1
filter31	M0408_1.02	-3	9.79268e-05	0.0717803	0.012599	10	ACATAAAGGAGGA	ATGTGCACAT	+	ZKSCAN1
filter31	M0756_1.02	-1	0.000147849	0.108373	0.0160954	9	ACATAAAGGAGGA	GTAAACAAA	+	FOXN3,FOXK2,FOXD4,FOXE1,FOXS1,FOXD4L1,FOXI2,FOXE3,FOXD4L3,FOXB2,FOXD4L5,FOXD4L6,KIAA0415
filter31	M1012_1.02	-2	0.000147849	0.108373	0.0160954	9	ACATAAAGGAGGA	TTAATGACC	+	HOXA6,HOXD3,AC012531.1,HOXB4,HOXC5
filter31	M0905_1.02	-2	0.000194105	0.142279	0.0196217	9	ACATAAAGGAGGA	TTAATTACC	+	HOXA6,HOXD3,AC012531.1,HOXB4,HOXC5
filter31	M0931_1.02	-3	0.000253328	0.18569	0.0239012	9	ACATAAAGGAGGA	TAATTAATT	+	LHX5,LHX4,LHX1
filter31	M0632_1.02	0	0.00030247	0.22171	0.026754	10	ACATAAAGGAGGA	TTGATACATT	-	DMRTA2
filter33	M1545_1.02	0	8.4488e-06	0.00619297	0.00907706	9	CGACGTCCCCGCC	TGACGTACG	-	GMEB1
filter33	M0608_1.02	0	1.2531e-05	0.00918526	0.00907706	10	CGACGTCCCCGCC	TTACGCCCCC	-	MLL
filter39	M0897_1.02	-2	2.44811e-06	0.00179447	0.00201388	10	GCTTTTAGGTCTT	TTTTATGGGC	+	HOXB13
filter39	M1157_1.02	-2	2.88334e-06	0.00211349	0.00201388	10	GCTTTTAGGTCTT	TTTTATGACC	+	HOXB9,HOXC9
filter39	M1007_1.02	-3	7.73438e-06	0.0056693	0.0036014	9	GCTTTTAGGTCTT	TTTATGACC	+	HOXA11
filter39	M1605_1.02	-2	1.34197e-05	0.00983668	0.00468654	10	GCTTTTAGGTCTT	ATTCATCTTT	+	SOX1
filter39	M0891_1.02	-3	0.000101029	0.074054	0.0261791	10	GCTTTTAGGTCTT	TTAATTGGTT	+	TLX2,TLX3
filter39	M1110_1.02	-3	0.000129327	0.0947969	0.0261791	10	GCTTTTAGGTCTT	TCTATTGCCC	-	HHEX
filter39	M1039_1.02	0	0.000131185	0.0961587	0.0261791	9	GCTTTTAGGTCTT	CCAATTAGC	-	ENSG00000229544,NKX1-1
filter39	M0747_1.02	-1	0.000208998	0.153196	0.0364939	10	GCTTTTAGGTCTT	TGTTTACATT	-	FOXK2,FOXD4,FOXE1,FOXS1,FOXD4L1,FOXI2,FOXE3,FOXD4L3,FOXB2,FOXD4L5,FOXD4L6,KIAA0415
filter41	M0408_1.02	-3	8.60763e-06	0.00630939	0.00619054	10	TGATGGTGGGGGG	ATGTGCACAT	+	ZKSCAN1
filter41	M0942_1.02	-5	9.09437e-05	0.0666618	0.043604	8	TGATGGTGGGGGG	TTGTAATT	+	IRX4,IRX6,IRX1,IRX3
filter45	M0942_1.02	-2	2.5443e-06	0.00186497	0.00152765	8	TCTTGTACCCCCG	TTGTAATT	+	IRX4,IRX6,IRX1,IRX3
filter45	M0408_1.02	-2	4.30539e-06	0.00315585	0.00152765	10	TCTTGTACCCCCG	ATGTGCACAT	+	ZKSCAN1
filter45	M0632_1.02	-1	4.30539e-06	0.00315585	0.00152765	10	TCTTGTACCCCCG	AATGTATCAA	+	DMRTA2
filter45	M4850_1.02	0	9.40423e-06	0.0068933	0.00258833	13	TCTTGTACCCCCG	TGTTGTGTCCGTGCCATCTGG	+	TCF15,SCXB,SCXA
filter45	M0891_1.02	-2	1.09421e-05	0.00802056	0.00258833	10	TCTTGTACCCCCG	TTAATTGGTT	+	TLX2,TLX3
filter45	M1110_1.02	-1	1.47444e-05	0.0108077	0.00298952	10	TCTTGTACCCCCG	TCTATTGCCC	-	HHEX
filter45	M0756_1.02	-1	2.64706e-05	0.019403	0.00469618	9	TCTTGTACCCCCG	TTTGTTTAC	-	FOXN3,FOXK2,FOXD4,FOXE1,FOXS1,FOXD4L1,FOXI2,FOXE3,FOXD4L3,FOXB2,FOXD4L5,FOXD4L6,KIAA0415
filter45	M0607_1.02	-2	4.87338e-05	0.0357219	0.00768526	9	TCTTGTACCCCCG	GCGTAAATA	+	KDM2B
filter45	M1007_1.02	-3	6.54387e-05	0.0479665	0.00928764	9	TCTTGTACCCCCG	TTTATGACC	+	HOXA11
filter45	M0887_1.02	-1	0.000100576	0.0737218	0.0129769	9	TCTTGTACCCCCG	CTCATTAGG	-	HOXA2,HOXA6,HOXD3,HOXB4
filter45	M1668_1.02	-1	0.000234321	0.171757	0.0242257	12	TCTTGTACCCCCG	TCCAAACGAGAT	+	PRKRIR
filter45	M0898_1.02	-4	0.000238965	0.175161	0.0242257	8	TCTTGTACCCCCG	TTACGTAA	+	ZHX1
filter45	M1592_1.02	-1	0.000365996	0.268275	0.0346302	8	TCTTGTACCCCCG	ATTGTTTT	-	SOX3
filter45	M1605_1.02	-1	0.000553949	0.406044	0.0462478	10	TCTTGTACCCCCG	ATTCATCTTT	+	SOX1
filter49	M4604_1.02	-1	5.24582e-06	0.00384519	0.00765149	12	TGTCTCCCCCCCC	CTCCTCCCCTCCCTCCTCCCC	-	ZNF263
filter50	M0608_1.02	-1	2.65924e-08	1.94923e-05	3.8342e-05	10	GATACGCCGCGGG	TTACGCCCCC	-	MLL
filter50	M0609_1.02	-1	2.91728e-06	0.00213837	0.00210312	10	GATACGCCGCGGG	CCCCGCGGCC	+	DNMT1
filter50	M0610_1.02	-1	2.73306e-05	0.0200334	0.0131354	9	GATACGCCGCGGG	TAACGCGAT	-	TET1
filter50	M1545_1.02	-1	6.0329e-05	0.0442212	0.0217462	9	GATACGCCGCGGG	TGACGTACG	-	GMEB1
filter50	M0607_1.02	-3	0.000194355	0.142462	0.0400326	9	GATACGCCGCGGG	GCGTAAATA	+	KDM2B
filter50	M1281_1.02	0	0.000194355	0.142462	0.0400326	9	GATACGCCGCGGG	CTTACGCAA	+	NAIF1
filter52	M4459_1.02	6	1.81689e-07	0.000133178	0.000264408	13	GAGCGGGGGGGGG	GTGCGGGGGCGGGGGGGGGG	+	EGR1
filter52	M6482_1.02	6	1.38487e-06	0.00101511	0.00100768	13	GAGCGGGGGGGGG	GGGGGGGGGCGGGGCCGGGG	+	SP7,SP3,SP6,SP5,SP9
filter52	M6535_1.02	0	4.41965e-05	0.032396	0.0214394	13	GAGCGGGGGGGGG	GCGGGGGCGGGGG	+	WT1
filter54	M2314_1.02	5	2.12875e-06	0.00156037	0.00207074	10	ACCTCCCCCCCCC	GCCCCGCCCCCTCCC	-	SP2,SP7,SP6,SP5,SP9
filter54	M6336_1.02	4	2.85966e-06	0.00209613	0.00207074	13	ACCTCCCCCCCCC	CCCTCCCTCCCCCCCCC	-	MAZ
filter54	M6482_1.02	7	6.39424e-06	0.00468698	0.0030868	13	ACCTCCCCCCCCC	CCCCGGCCCCGCCCCCCCCC	-	SP7,SP3,SP6,SP5,SP9
filter54	M6552_1.02	4	1.71441e-05	0.0125666	0.00620721	11	ACCTCCCCCCCCC	CCCCTCCCCCACCCC	-	ZNF281,ZNF148
filter54	M4640_1.02	5	7.09163e-05	0.0519817	0.0205408	10	ACCTCCCCCCCCC	CCGAGACCCCTGCCC	-	ZBTB7A
filter54	M6123_1.02	4	0.000106928	0.0783781	0.0258096	11	ACCTCCCCCCCCC	CCCCTCCCCCACCCC	-	ZNF281
filter54	M4604_1.02	1	0.000137795	0.101004	0.0285086	13	ACCTCCCCCCCCC	CTCCTCCCCTCCCTCCTCCCC	-	ZNF263
filter54	M6539_1.02	10	0.00020501	0.150272	0.037113	12	ACCTCCCCCCCCC	GCCCCCCCCCTCCCCCTCTCCG	-	ZBTB7B
filter55	M4850_1.02	5	5.34408e-05	0.0391721	0.0489842	13	TGGTCTTGCCCCC	CCAGATGGCACGGACACAACA	-	TCF15,SCXB,SCXA
filter56	M0891_1.02	0	5.01244e-06	0.00367412	0.00717678	10	GTAAGAAGCCCCG	TTAATTGGTT	+	TLX2,TLX3
filter56	M0607_1.02	-2	7.06567e-05	0.0517913	0.0343999	9	GTAAGAAGCCCCG	GCGTAAATA	+	KDM2B
filter56	M4850_1.02	7	7.20773e-05	0.0528326	0.0343999	13	GTAAGAAGCCCCG	CCAGATGGCACGGACACAACA	-	TCF15,SCXB,SCXA
filter63	M0608_1.02	-2	9.15981e-06	0.00671414	0.0130315	10	CCTTCTGCCCCCC	TTACGCCCCC	-	MLL
filter65	M4459_1.02	7	5.07565e-06	0.00372045	0.0073584	13	CGCAGGGGCGGGG	GTGCGGGGGCGGGGGGGGGG	+	EGR1
filter65	M6482_1.02	7	3.21314e-05	0.0235524	0.0232912	13	CGCAGGGGCGGGG	GGGGGGGGGCGGGGCCGGGG	+	SP7,SP3,SP6,SP5,SP9
filter77	M0891_1.02	-2	2.68792e-05	0.0197025	0.0188742	10	TCACCACCGGCAG	TTAATTGGTT	+	TLX2,TLX3
filter77	M1110_1.02	-2	2.68792e-05	0.0197025	0.0188742	10	TCACCACCGGCAG	TCTATTGCCC	-	HHEX
filter77	M0898_1.02	-3	3.97934e-05	0.0291686	0.0188742	8	TCACCACCGGCAG	TTACGTAA	+	ZHX1
filter77	M4850_1.02	7	0.000175173	0.128402	0.0390579	13	TCACCACCGGCAG	CCAGATGGCACGGACACAACA	-	TCF15,SCXB,SCXA
filter77	M0632_1.02	0	0.000255176	0.187044	0.0390579	10	TCACCACCGGCAG	TTGATACATT	-	DMRTA2
filter77	M0756_1.02	-1	0.000256437	0.187968	0.0390579	9	TCACCACCGGCAG	GTAAACAAA	+	FOXN3,FOXK2,FOXD4,FOXE1,FOXS1,FOXD4L1,FOXI2,FOXE3,FOXD4L3,FOXB2,FOXD4L5,FOXD4L6,KIAA0415
filter77	M0408_1.02	-2	0.000288165	0.211225	0.0390579	10	TCACCACCGGCAG	ATGTGCACAT	+	ZKSCAN1
filter77	M0887_1.02	-2	0.000292501	0.214403	0.0390579	9	TCACCACCGGCAG	CTCATTAGG	-	HOXA2,HOXA6,HOXD3,HOXB4
filter77	M1668_1.02	0	0.000301941	0.221323	0.0390579	12	TCACCACCGGCAG	TCCAAACGAGAT	+	PRKRIR
filter79	M6446_1.02	4	3.67963e-05	0.0269717	0.0443721	13	CCTCAGGCCCCCC	GTGACCTCTGGGTGACCCCC	+	RARG
filter79	M6547_1.02	7	6.115e-05	0.0448229	0.0443721	12	CCTCAGGCCCCCC	GCCGAGGCCTGGGGCCCCC	-	ZFX,ZFY
filter83	M4459_1.02	8	4.65026e-06	0.00340864	0.00672754	12	GAGGCCAGGGGGG	GTGCGGGGGCGGGGGGGGGG	+	EGR1
filter83	M6420_1.02	1	1.90275e-05	0.0139471	0.0126022	13	GAGGCCAGGGGGG	GGGGGCATCAGGAGGGG	+	PLAG1
filter83	M6482_1.02	10	2.6133e-05	0.0191555	0.0126022	10	GAGGCCAGGGGGG	GGGGGGGGGCGGGGCCGGGG	+	SP7,SP3,SP6,SP5,SP9
filter83	M4525_1.02	5	5.84008e-05	0.0428078	0.0211221	10	GAGGCCAGGGGGG	AGCCTCAGGGCATGG	+	TFAP2C,TFAP2E
filter87	M4459_1.02	6	2.61709e-08	1.91833e-05	3.75427e-05	13	GGGCGGGGGGGGG	GTGCGGGGGCGGGGGGGGGG	+	EGR1
filter87	M6482_1.02	6	7.96424e-08	5.83779e-05	5.71243e-05	13	GGGCGGGGGGGGG	GGGGGGGGGCGGGGCCGGGG	+	SP7,SP3,SP6,SP5,SP9
filter87	M0404_1.02	0	3.96031e-05	0.0290291	0.0169987	10	GGGCGGGGGGGGG	AAGGGGGGCA	+	ZNF202
filter87	M6483_1.02	8	4.73991e-05	0.0347435	0.0169987	13	GGGCGGGGGGGGG	GGGGCCAGGGGGGGGGCGGGGCCG	+	SP4,SP7,SP6,SP5,SP9
filter87	M4640_1.02	2	0.000136999	0.10042	0.0347301	13	GGGCGGGGGGGGG	GGGCGGGGGTCTCGG	+	ZBTB7A
filter87	M4604_1.02	8	0.000145262	0.106477	0.0347301	13	GGGCGGGGGGGGG	GGGGAGGAGGGAGGGGAGGAG	+	ZNF263
filter88	M0609_1.02	0	5.82161e-06	0.00426724	0.00849895	10	ACCCGGTGCCCGG	CCCCGCGGCC	+	DNMT1
filter89	M0608_1.02	-1	4.51375e-06	0.00330858	0.00651885	10	GGTACGCCGGCCC	TTACGCCCCC	-	MLL
filter89	M0607_1.02	-3	1.42669e-05	0.0104577	0.0103023	9	GGTACGCCGGCCC	GCGTAAATA	+	KDM2B
filter89	M4850_1.02	6	6.92224e-05	0.05074	0.0262203	13	GGTACGCCGGCCC	CCAGATGGCACGGACACAACA	-	TCF15,SCXB,SCXA
filter89	M0609_1.02	-1	7.26213e-05	0.0532314	0.0262203	10	GGTACGCCGGCCC	CCCCGCGGCC	+	DNMT1
filter89	M1007_1.02	0	0.000110098	0.0807018	0.0318012	9	GGTACGCCGGCCC	TTTATGACC	+	HOXA11
filter89	M1668_1.02	-2	0.000141446	0.10368	0.0321306	11	GGTACGCCGGCCC	TCCAAACGAGAT	+	PRKRIR
filter89	M0610_1.02	-1	0.000193906	0.142133	0.0321306	9	GGTACGCCGGCCC	TAACGCGAT	-	TET1
filter89	M0603_1.02	-3	0.000206975	0.151713	0.0321306	7	GGTACGCCGGCCC	CCGCTAA	-	CGBP
filter89	M0891_1.02	-3	0.000212092	0.155464	0.0321306	10	GGTACGCCGGCCC	TTAATTGGTT	+	TLX2,TLX3
filter89	M1281_1.02	0	0.000222477	0.163076	0.0321306	9	GGTACGCCGGCCC	CTTACGCAA	+	NAIF1
filter89	M0408_1.02	-3	0.000273586	0.200538	0.0329265	10	GGTACGCCGGCCC	ATGTGCACAT	+	ZKSCAN1
filter89	M0898_1.02	-1	0.000310431	0.227546	0.034487	8	GGTACGCCGGCCC	TTACGTAA	+	ZHX1
filter89	M1110_1.02	0	0.000506	0.370898	0.0487184	10	GGTACGCCGGCCC	TCTATTGCCC	-	HHEX
filter90	M0609_1.02	-2	1.3614e-05	0.00997906	0.00874672	10	GACGAGGCGGGGC	CCCCGCGGCC	+	DNMT1
filter90	M0408_1.02	-1	1.82942e-05	0.0134097	0.00874672	10	GACGAGGCGGGGC	ATGTGCACAT	+	ZKSCAN1
filter90	M1668_1.02	-1	6.51839e-05	0.0477798	0.023374	12	GACGAGGCGGGGC	ATCTCGTTTGGA	-	PRKRIR
filter90	M0608_1.02	-2	9.6295e-05	0.0705842	0.027624	10	GACGAGGCGGGGC	TTACGCCCCC	-	MLL
filter90	M0887_1.02	0	0.000160342	0.117531	0.032855	9	GACGAGGCGGGGC	CCTAATGAG	+	HOXA2,HOXA6,HOXD3,HOXB4
filter90	M0891_1.02	-1	0.000234089	0.171587	0.0419705	10	GACGAGGCGGGGC	TTAATTGGTT	+	TLX2,TLX3
filter90	M1110_1.02	-2	0.000298741	0.218977	0.0428498	10	GACGAGGCGGGGC	TCTATTGCCC	-	HHEX
filter90	M4850_1.02	6	0.000375806	0.275466	0.0488523	13	GACGAGGCGGGGC	CCAGATGGCACGGACACAACA	-	TCF15,SCXB,SCXA
filter90	M6547_1.02	-4	0.000408708	0.299583	0.0488523	9	GACGAGGCGGGGC	GGGGGCCCCAGGCCTCGGC	+	ZFX,ZFY
filter92	M1605_1.02	-2	8.83784e-06	0.00647814	0.012739	10	TTTTTTCTTTCTT	ATTCATCTTT	+	SOX1
filter92	M0436_1.02	0	2.22917e-05	0.0163398	0.0160658	10	TTTTTTCTTTCTT	TTGTTTATTG	+	ZNF35
filter92	M1007_1.02	-3	3.7156e-05	0.0272353	0.0178524	9	TTTTTTCTTTCTT	TTTATGACC	+	HOXA11
filter92	M0718_1.02	0	6.05941e-05	0.0444154	0.0200223	10	TTTTTTCTTTCTT	TTGTTTACAT	-	FOXK2,FOXK1,FOXD4,FOXE1,FOXS1,FOXD4L1,FOXI2,FOXE3,FOXD4L3,FOXB2,FOXD4L5,FOXD4L6,KIAA0415
filter92	M0891_1.02	-3	6.94536e-05	0.0509095	0.0200223	10	TTTTTTCTTTCTT	TTAATTGGTT	+	TLX2,TLX3
filter92	M0747_1.02	-1	0.000118116	0.0865788	0.0276756	10	TTTTTTCTTTCTT	TGTTTACATT	-	FOXK2,FOXD4,FOXE1,FOXS1,FOXD4L1,FOXI2,FOXE3,FOXD4L3,FOXB2,FOXD4L5,FOXD4L6,KIAA0415
filter92	M1157_1.02	-2	0.000134402	0.0985168	0.0276756	10	TTTTTTCTTTCTT	TTTTATGACC	+	HOXB9,HOXC9
filter92	M1507_1.02	0	0.000222284	0.162934	0.0400504	10	TTTTTTCTTTCTT	AATTTTGGCT	+	LCOR
filter100	M0404_1.02	-1	2.38492e-05	0.0174815	0.034875	10	AGCCCCCCGCCCC	TGCCCCCCTT	-	ZNF202
filter101	M0609_1.02	0	2.07189e-06	0.0015187	0.00299109	10	CGCCGATGCCGGG	CCCCGCGGCC	+	DNMT1
filter103	M0891_1.02	-3	1.71705e-05	0.012586	0.0226278	10	AATGTAAAGGGCG	TTAATTGGTT	+	TLX2,TLX3
filter103	M0632_1.02	0	3.16183e-05	0.0231762	0.0226278	10	AATGTAAAGGGCG	AATGTATCAA	+	DMRTA2
filter103	M0942_1.02	-1	4.97969e-05	0.0365011	0.0237583	8	AATGTAAAGGGCG	TTGTAATT	+	IRX4,IRX6,IRX1,IRX3
filter103	M0887_1.02	-2	9.58358e-05	0.0702477	0.0342928	9	AATGTAAAGGGCG	CCTAATGAG	+	HOXA2,HOXA6,HOXD3,HOXB4
filter103	M0607_1.02	-1	0.000148725	0.109015	0.0425744	9	AATGTAAAGGGCG	GCGTAAATA	+	KDM2B
filter103	M1007_1.02	-3	0.000197682	0.144901	0.0471574	9	AATGTAAAGGGCG	TTTATGACC	+	HOXA11
filter104	M4604_1.02	0	2.62236e-05	0.0192219	0.037958	13	CACCCTCCCCCCC	CTCCTCCCCTCCCTCCTCCCC	-	ZNF263
filter105	M4459_1.02	6	2.14664e-10	1.57349e-07	3.10023e-07	13	GGACGGGGGGGGG	GTGCGGGGGCGGGGGGGGGG	+	EGR1
filter105	M6482_1.02	6	1.38847e-08	1.01775e-05	1.00263e-05	13	GGACGGGGGGGGG	GGGGGGGGGCGGGGCCGGGG	+	SP7,SP3,SP6,SP5,SP9
filter105	M6483_1.02	11	4.93217e-05	0.0361528	0.0237438	13	GGACGGGGGGGGG	GGGGCCAGGGGGGGGGCGGGGCCG	+	SP4,SP7,SP6,SP5,SP9
filter105	M4604_1.02	5	9.82676e-05	0.0720302	0.0354801	13	GGACGGGGGGGGG	GGGGAGGAGGGAGGGGAGGAG	+	ZNF263
filter107	M1110_1.02	0	3.00365e-06	0.00220168	0.00381382	10	CTGCAATGCCCCC	GGGCAATAGA	+	HHEX
filter107	M1070_1.02	-2	0.000107288	0.0786424	0.0402254	9	CTGCAATGCCCCC	TTAATGACC	+	HOXA6,HOXD3,AC012531.1,HOXB4,HOXC5
filter107	M1025_1.02	-3	0.000192018	0.140749	0.0402254	8	CTGCAATGCCCCC	TAATTAGC	-	HOXD1
filter107	M0891_1.02	-2	0.000196028	0.143689	0.0402254	10	CTGCAATGCCCCC	TTAATTGGTT	+	TLX2,TLX3
filter107	M0969_1.02	-2	0.000204648	0.150007	0.0402254	9	CTGCAATGCCCCC	CCAATCAGC	+	LHX8
filter107	M1012_1.02	-2	0.000204648	0.150007	0.0402254	9	CTGCAATGCCCCC	TTAATGACC	+	HOXA6,HOXD3,AC012531.1,HOXB4,HOXC5
filter109	M0609_1.02	0	1.78107e-05	0.0130552	0.0153378	10	TACCGTTGCCGCT	CCCCGCGGCC	+	DNMT1
filter109	M0607_1.02	-2	2.5792e-05	0.0189056	0.0153378	9	TACCGTTGCCGCT	GCGTAAATA	+	KDM2B
filter109	M0608_1.02	0	3.17888e-05	0.0233012	0.0153378	10	TACCGTTGCCGCT	TTACGCCCCC	-	MLL
filter115	M0891_1.02	-3	3.37897e-05	0.0247679	0.0417194	10	ACCCTATGCCTGG	TTAATTGGTT	+	TLX2,TLX3
filter115	M1110_1.02	-2	5.72168e-05	0.0419399	0.0417194	10	ACCCTATGCCTGG	TCTATTGCCC	-	HHEX
filter116	M0609_1.02	-2	6.31547e-06	0.00462924	0.00922884	10	TTTTCAGGCGCCC	CCCCGCGGCC	+	DNMT1
filter118	M6547_1.02	3	3.93772e-06	0.00288635	0.00574467	13	CGGGGCTGGGGGG	GCCGAGGCCTGGGGCCCCC	-	ZFX,ZFY
filter118	M4459_1.02	4	1.83666e-05	0.0134627	0.0133974	13	CGGGGCTGGGGGG	GTGCGGGGGCGGGGGGGGGG	+	EGR1
filter126	M1668_1.02	-1	3.46643e-05	0.0254089	0.0428878	12	ATCGAGGGCCGGG	TCCAAACGAGAT	+	PRKRIR
filter126	M0609_1.02	-2	8.1253e-05	0.0595585	0.0428878	10	ATCGAGGGCCGGG	CCCCGCGGCC	+	DNMT1
filter126	M0608_1.02	-1	9.2507e-05	0.0678077	0.0428878	10	ATCGAGGGCCGGG	TTACGCCCCC	-	MLL
filter126	M0891_1.02	-1	0.000119503	0.0875961	0.0428878	10	ATCGAGGGCCGGG	TTAATTGGTT	+	TLX2,TLX3
filter129	M6482_1.02	7	2.15357e-05	0.0157857	0.0281743	13	CCGTCCCCCCCCC	CCCCGGCCCCGCCCCCCCCC	-	SP7,SP3,SP6,SP5,SP9
filter129	M0404_1.02	-3	4.5331e-05	0.0332277	0.0281743	10	CCGTCCCCCCCCC	TGCCCCCCTT	-	ZNF202
filter129	M4604_1.02	0	5.81904e-05	0.0426535	0.0281743	13	CCGTCCCCCCCCC	CTCCTCCCCTCCCTCCTCCCC	-	ZNF263
filter129	M0608_1.02	-3	8.1021e-05	0.0593884	0.0294213	10	CCGTCCCCCCCCC	TTACGCCCCC	-	MLL
filter129	M6539_1.02	7	0.000104011	0.07624	0.0302157	13	CCGTCCCCCCCCC	GCCCCCCCCCTCCCCCTCTCCG	-	ZBTB7B
filter130	M0891_1.02	-1	3.38315e-05	0.0247985	0.0492188	10	ATTAGACAGGGGG	TTAATTGGTT	+	TLX2,TLX3
filter133	M4459_1.02	7	5.52547e-05	0.0405017	0.0422908	13	GGCGTCGGCGCCC	GTGCGGGGGCGGGGGGGGGG	+	EGR1
filter133	M0608_1.02	-2	5.83525e-05	0.0427724	0.0422908	10	GGCGTCGGCGCCC	TTACGCCCCC	-	MLL
filter136	M2314_1.02	3	3.89491e-05	0.0285497	0.0422516	12	CGGCCCCCCCCCC	GCCCCGCCCCCTCCC	-	SP2,SP7,SP6,SP5,SP9
filter136	M6547_1.02	8	5.82984e-05	0.0427327	0.0422516	11	CGGCCCCCCCCCC	GCCGAGGCCTGGGGCCCCC	-	ZFX,ZFY
filter136	M6482_1.02	8	9.33802e-05	0.0684477	0.045118	12	CGGCCCCCCCCCC	CCCCGGCCCCGCCCCCCCCC	-	SP7,SP3,SP6,SP5,SP9
filter139	M1266_1.02	0	4.662e-06	0.00341725	0.00674452	10	AGTTTCTCCGCCG	GGTTTCGGTC	-	IRF6
filter139	M0608_1.02	-2	3.16905e-05	0.0232291	0.0229233	10	AGTTTCTCCGCCG	TTACGCCCCC	-	MLL
filter140	M1110_1.02	-2	5.91248e-05	0.0433385	0.0328338	10	CATGTCTGTGGGG	TCTATTGCCC	-	HHEX
filter140	M0408_1.02	-3	6.80145e-05	0.0498546	0.0328338	10	CATGTCTGTGGGG	ATGTGCACAT	+	ZKSCAN1
filter140	M0199_1.02	1	0.000122879	0.0900706	0.040702	12	CATGTCTGTGGGG	GCACGTGTCGTTA	-	HES2,HES4
filter140	M1007_1.02	-2	0.000140522	0.103003	0.040702	9	CATGTCTGTGGGG	TTTATGACC	+	HOXA11
filter145	M0891_1.02	-3	7.63896e-06	0.00559936	0.00749276	10	AAGTTCAGGGCGG	TTAATTGGTT	+	TLX2,TLX3
filter145	M1007_1.02	-3	1.04007e-05	0.00762372	0.00749276	9	AAGTTCAGGGCGG	TTTATGACC	+	HOXA11
filter145	M0408_1.02	0	0.000108929	0.0798448	0.0382206	10	AAGTTCAGGGCGG	ATGTGCACAT	+	ZKSCAN1
filter145	M0887_1.02	-3	0.000152322	0.111652	0.0382206	9	AAGTTCAGGGCGG	CTCATTAGG	-	HOXA2,HOXA6,HOXD3,HOXB4
filter145	M1605_1.02	-2	0.000159162	0.116666	0.0382206	10	AAGTTCAGGGCGG	ATTCATCTTT	+	SOX1
filter146	M4604_1.02	0	1.24241e-05	0.00910687	0.0180056	13	TCCCCTTCCCCCC	CTCCTCCCCTCCCTCCTCCCC	-	ZNF263
filter146	M1668_1.02	-1	5.09163e-05	0.0373216	0.0368951	12	TCCCCTTCCCCCC	TCCAAACGAGAT	+	PRKRIR
filter146	M1110_1.02	-2	0.000103053	0.0755382	0.0497833	10	TCCCCTTCCCCCC	TCTATTGCCC	-	HHEX
filter147	M0408_1.02	-3	5.18389e-05	0.0379979	0.0277212	10	TGCTCGTGCCCCC	ATGTGCACAT	+	ZKSCAN1
filter147	M0942_1.02	-3	6.49228e-05	0.0475884	0.0277212	8	TGCTCGTGCCCCC	TTGTAATT	+	IRX4,IRX6,IRX1,IRX3
filter147	M0608_1.02	-1	7.70464e-05	0.056475	0.0277212	10	TGCTCGTGCCCCC	TTACGCCCCC	-	MLL
filter147	M0607_1.02	-3	0.000106873	0.0783376	0.0307621	9	TGCTCGTGCCCCC	GCGTAAATA	+	KDM2B
filter147	M0198_1.02	0	0.000128604	0.094267	0.0308478	10	TGCTCGTGCCCCC	AGCCCGTGCG	+	SOHLH2,C13orf38-SOHLH2
filter148	M1605_1.02	-1	1.37323e-05	0.0100658	0.0191962	10	CATAAACATATTT	ATTCATCTTT	+	SOX1
filter150	M0609_1.02	-3	2.2162e-05	0.0162447	0.0159835	10	CGATGCCCGGGCG	CCCCGCGGCC	+	DNMT1
filter150	M0608_1.02	-3	2.2162e-05	0.0162447	0.0159835	10	CGATGCCCGGGCG	TTACGCCCCC	-	MLL
filter150	M0408_1.02	-2	5.11752e-05	0.0375115	0.0184541	10	CGATGCCCGGGCG	ATGTGCACAT	+	ZKSCAN1
filter150	M1528_1.02	-1	0.000112748	0.0826442	0.0325261	10	CGATGCCCGGGCG	GTTGCCATGG	-	RFX7,RFX6,RFX8
filter155	M0404_1.02	-2	3.4794e-06	0.0025504	0.00506698	10	CCTGCCCCCCCCC	TGCCCCCCTT	-	ZNF202
filter155	M6482_1.02	7	5.07263e-05	0.0371824	0.0369359	13	CCTGCCCCCCCCC	CCCCGGCCCCGCCCCCCCCC	-	SP7,SP3,SP6,SP5,SP9
filter155	M4604_1.02	-1	0.000101539	0.0744281	0.0492898	12	CCTGCCCCCCCCC	CTCCTCCCCTCCCTCCTCCCC	-	ZNF263
filter157	M0609_1.02	0	2.02762e-05	0.0148625	0.0296501	10	CGCAGCAGCCGCG	CCCCGCGGCC	+	DNMT1
filter158	M0408_1.02	-3	1.59756e-05	0.0117101	0.0113541	10	CCCACATCCCCCC	ATGTGCACAT	+	ZKSCAN1
filter158	M1110_1.02	-2	2.4757e-05	0.0181469	0.0117301	10	CCCACATCCCCCC	TCTATTGCCC	-	HHEX
filter158	M0942_1.02	-5	3.48203e-05	0.0255233	0.0123736	8	CCCACATCCCCCC	TTGTAATT	+	IRX4,IRX6,IRX1,IRX3
filter158	M0887_1.02	-2	6.27273e-05	0.0459791	0.0178325	9	CCCACATCCCCCC	CTCATTAGG	-	HOXA2,HOXA6,HOXD3,HOXB4
filter158	M0891_1.02	-3	0.000143368	0.105089	0.0278032	10	CCCACATCCCCCC	TTAATTGGTT	+	TLX2,TLX3
filter158	M0607_1.02	-3	0.000169462	0.124216	0.0278032	9	CCCACATCCCCCC	GCGTAAATA	+	KDM2B
filter158	M0898_1.02	-1	0.00017604	0.129037	0.0278032	8	CCCACATCCCCCC	TTACGTAA	-	ZHX1
filter158	M0632_1.02	-2	0.000339136	0.248587	0.0482058	10	CCCACATCCCCCC	AATGTATCAA	+	DMRTA2
filter164	M1049_1.02	0	2.89852e-06	0.00212462	0.00267335	10	GGGATCCTGGGCG	ATGATACCCC	+	SIX4,SIX1,SIX2
filter164	M0994_1.02	0	5.12345e-06	0.00375549	0.00267335	9	GGGATCCTGGGCG	ATGATACCC	+	SIX4,SIX1,SIX2
filter164	M1110_1.02	0	8.42325e-06	0.00617424	0.00267335	10	GGGATCCTGGGCG	TCTATTGCCC	-	HHEX
filter164	M0952_1.02	-1	9.70603e-06	0.00711452	0.00267335	8	GGGATCCTGGGCG	TGATACCC	+	SIX4,SIX1,SIX3,SIX2
filter164	M1668_1.02	-1	9.87227e-06	0.00723638	0.00267335	12	GGGATCCTGGGCG	ATCTCGTTTGGA	-	PRKRIR
filter164	M0891_1.02	-3	1.12746e-05	0.00826425	0.00267335	10	GGGATCCTGGGCG	TTAATTGGTT	+	TLX2,TLX3
filter164	M1016_1.02	0	2.24031e-05	0.0164215	0.00455322	7	GGGATCCTGGGCG	GTGATAC	+	SIX3,SIX2,SIX6
filter164	M0937_1.02	-1	4.76113e-05	0.0348991	0.00677357	7	GGGATCCTGGGCG	TGATACC	+	SIX3,SIX6
filter164	M0887_1.02	-2	0.000203504	0.149169	0.0241268	9	GGGATCCTGGGCG	CCTAATGAG	+	HOXA2,HOXA6,HOXD3,HOXB4
filter164	M1605_1.02	-3	0.000251576	0.184405	0.0275317	10	GGGATCCTGGGCG	ATTCATCTTT	+	SOX1
filter164	M0632_1.02	0	0.000316626	0.232087	0.0321756	10	GGGATCCTGGGCG	TTGATACATT	-	DMRTA2
filter164	M0408_1.02	-1	0.000495764	0.363395	0.0391841	10	GGGATCCTGGGCG	ATGTGCACAT	+	ZKSCAN1
filter164	M6446_1.02	0	0.000547052	0.400989	0.0409621	13	GGGATCCTGGGCG	GGGGGTCACCCAGAGGTCAC	-	RARG
filter164	M0898_1.02	-3	0.000618752	0.453545	0.0440143	8	GGGATCCTGGGCG	TTACGTAA	+	ZHX1
filter164	M1007_1.02	-4	0.000693503	0.508337	0.0455602	9	GGGATCCTGGGCG	TTTATGACC	+	HOXA11
filter164	M0996_1.02	0	0.00075262	0.55167	0.0465538	7	GGGATCCTGGGCG	GAAATCA	+	HDX
filter167	M0607_1.02	-3	2.10687e-05	0.0154434	0.0303175	9	ACGTCGTGGCCGC	GCGTAAATA	+	KDM2B
filter167	M0609_1.02	-1	7.17188e-05	0.0525698	0.0303175	10	ACGTCGTGGCCGC	CCCCGCGGCC	+	DNMT1
filter167	M0408_1.02	-3	9.2635e-05	0.0679015	0.0303175	10	ACGTCGTGGCCGC	ATGTGCACAT	+	ZKSCAN1
filter167	M0608_1.02	-1	0.000105108	0.077044	0.0303175	10	ACGTCGTGGCCGC	TTACGCCCCC	-	MLL
filter167	M0942_1.02	-3	0.000203058	0.148842	0.0488088	8	ACGTCGTGGCCGC	TTGTAATT	+	IRX4,IRX6,IRX1,IRX3
filter169	M0607_1.02	-2	2.19115e-05	0.0160611	0.0178539	9	CATCGACGTCGAC	GCGTAAATA	+	KDM2B
filter169	M0608_1.02	0	2.4532e-05	0.017982	0.0178539	10	CATCGACGTCGAC	TTACGCCCCC	-	MLL
filter170	M0608_1.02	-3	8.27493e-07	0.000606552	0.00118873	10	CGTTCTCCCCCCC	TTACGCCCCC	-	MLL
filter170	M0609_1.02	-3	1.63157e-05	0.0119594	0.0100334	10	CGTTCTCCCCCCC	CCCCGCGGCC	+	DNMT1
filter170	M0898_1.02	-3	2.09532e-05	0.0153587	0.0100334	8	CGTTCTCCCCCCC	TTACGTAA	+	ZHX1
filter170	M0408_1.02	-1	4.50097e-05	0.0329921	0.0123869	10	CGTTCTCCCCCCC	ATGTGCACAT	+	ZKSCAN1
filter170	M1110_1.02	-3	5.17363e-05	0.0379227	0.0123869	10	CGTTCTCCCCCCC	TCTATTGCCC	-	HHEX
filter170	M0887_1.02	-4	0.000153743	0.112694	0.0315514	9	CGTTCTCCCCCCC	CTCATTAGG	-	HOXA2,HOXA6,HOXD3,HOXB4
filter170	M0607_1.02	1	0.00020276	0.148623	0.0364093	8	CGTTCTCCCCCCC	GCGTAAATA	+	KDM2B
filter170	M0891_1.02	-3	0.000359323	0.263384	0.0468167	10	CGTTCTCCCCCCC	TTAATTGGTT	+	TLX2,TLX3
filter170	M1007_1.02	-2	0.000394746	0.289349	0.0468167	9	CGTTCTCCCCCCC	TTTATGACC	+	HOXA11
filter170	M4604_1.02	0	0.000422382	0.309606	0.0468167	13	CGTTCTCCCCCCC	CTCCTCCCCTCCCTCCTCCCC	-	ZNF263
filter170	M0404_1.02	-3	0.000456256	0.334435	0.0468167	10	CGTTCTCCCCCCC	TGCCCCCCTT	-	ZNF202
filter171	M1110_1.02	-3	2.54543e-05	0.018658	0.0354146	10	TTCAGGAGGTCCT	TCTATTGCCC	-	HHEX
filter171	M1007_1.02	0	4.90773e-05	0.0359736	0.0354146	9	TTCAGGAGGTCCT	TTTATGACC	+	HOXA11
filter171	M0891_1.02	-3	9.02988e-05	0.066189	0.0434402	10	TTCAGGAGGTCCT	TTAATTGGTT	+	TLX2,TLX3
filter174	M0404_1.02	1	1.43945e-05	0.0105512	0.020948	9	AGTGGGGGGGGGG	AAGGGGGGCA	+	ZNF202
filter174	M4459_1.02	7	8.73081e-05	0.0639969	0.0474109	13	AGTGGGGGGGGGG	GTGCGGGGGCGGGGGGGGGG	+	EGR1
filter174	M6482_1.02	7	9.77359e-05	0.0716404	0.0474109	13	AGTGGGGGGGGGG	GGGGGGGGGCGGGGCCGGGG	+	SP7,SP3,SP6,SP5,SP9
filter176	M0608_1.02	-2	3.11397e-07	0.000228254	0.00045223	10	CTCACCGGCCCCG	TTACGCCCCC	-	MLL
filter176	M0609_1.02	-2	1.20157e-05	0.00880754	0.008725	10	CTCACCGGCCCCG	CCCCGCGGCC	+	DNMT1
filter176	M0603_1.02	-4	3.89063e-05	0.0285183	0.018834	7	CTCACCGGCCCCG	CCGCTAA	-	CGBP
filter176	M0607_1.02	-4	5.22155e-05	0.038274	0.0189576	9	CTCACCGGCCCCG	GCGTAAATA	+	KDM2B
filter176	M0610_1.02	-2	0.000116116	0.0851133	0.0337262	9	CTCACCGGCCCCG	TAACGCGAT	-	TET1
filter176	M1545_1.02	-2	0.000192722	0.141265	0.0409984	9	CTCACCGGCCCCG	TGACGTACG	-	GMEB1
filter189	M1605_1.02	-3	1.55457e-05	0.011395	0.022717	10	TTCCTTCTTTCTC	ATTCATCTTT	+	SOX1
filter189	M6223_1.02	1	4.936e-05	0.0361809	0.0360651	12	TTCCTTCTTTCTC	GTTACTTCCTGTC	-	ETV5
filter197	M1110_1.02	-1	2.9301e-05	0.0214776	0.0419782	10	CTAAATGCCCCCC	TCTATTGCCC	-	HHEX
filter199	M6330_1.02	1	3.37146e-05	0.0247128	0.0492673	13	TGAAGCTGGGGCC	CGAAGGCTGCGGGGTCAGCAC	-	MAFA
